dataset,target,target_code,seed,direct_RMSE,direct_R2,physics_RMSE,Residual_RMSE,PhysicsGate_RMSE,physics_penalty_log2,Residual_gain_log2,PhysicsGate_gain_log2,PhysicsGate_RMSE_change_percent,target_display,short_label,equation_route,target_order,R3_mean,R3_median,R3_p90,R3_p99,R3_max,n_test_samples
ESTM,Seebeck coefficient,seebeck_uV_per_K,4,53.3397676911643,0.9326732085713321,120.68761148405419,53.297574475202794,49.711886020707055,1.1779941451570062,0.0011416628615603841,0.1016207028145136,-6.801457575635816,Seebeck coefficient,Seebeck,inverse,0,0.7524115581473347,0.3860897335022369,1.1453627858240152,7.955887391217516,42.41816972944436,5186
ESTM,Seebeck coefficient,seebeck_uV_per_K,34,54.89510716795613,0.9288482168215392,110.66059841001872,53.733127619006346,51.108727257614476,1.0113921586092989,0.03086575196931209,0.10310790186727696,-6.897481589309784,Seebeck coefficient,Seebeck,inverse,0,0.8687289335359445,0.37577959651378323,1.1248904261232613,8.88830105890304,112.11996517644614,5186
ESTM,Seebeck coefficient,seebeck_uV_per_K,42,54.602311069287346,0.9296895732240263,114.74351842865872,53.16064595332758,50.14577258619744,1.0713787414271703,0.038603380342043775,0.12283393203391997,-8.1618129266265,Seebeck coefficient,Seebeck,inverse,0,0.7379561414976287,0.3740742145822211,1.0798742100165355,8.330086311919196,47.94349160455699,5186
ESTM,Seebeck coefficient,seebeck_uV_per_K,83,53.40745727850114,0.9323115235071356,113.94037876397071,55.36615894734906,50.4452060498221,1.0931660027080694,-0.051963238352408056,0.0823240268899256,-5.546512377909973,Seebeck coefficient,Seebeck,inverse,0,0.8143752053324009,0.3795401715041976,1.1213827330463944,9.538363790466686,115.97228813505748,5186
ESTM,Seebeck coefficient,seebeck_uV_per_K,99,57.019369475603476,0.9228573810833605,117.1308676865245,57.40881457505278,54.1189672686612,1.0385973306478498,-0.009820180013907586,0.07531777675064946,-5.086696386888756,Seebeck coefficient,Seebeck,inverse,0,0.7538060696266116,0.37809626995102863,1.1320429715778768,8.043913484047453,64.81749578456846,5186
ESTM,Seebeck coefficient,seebeck_uV_per_K,134,52.85745227184836,0.9339720001458213,112.25340527447065,52.74390453493666,49.076891829557525,1.0865804167552737,0.003102513547784491,0.10706300661333598,-7.152369779094226,Seebeck coefficient,Seebeck,inverse,0,0.7547780519015903,0.37590108784141973,1.10577183334896,8.176859299440487,60.06262577576408,5186
ESTM,Seebeck coefficient,seebeck_uV_per_K,178,53.28534765810391,0.9328513572951441,114.67590452888938,52.622562000968536,49.03150622447756,1.1057515049533244,0.018057387158367404,0.12002979573374589,-7.983135365692606,Seebeck coefficient,Seebeck,inverse,0,0.8003853407494045,0.37708811906964634,1.1143714208136437,8.436830078836062,116.51155845771088,5186
ESTM,Seebeck coefficient,seebeck_uV_per_K,237,52.381931182389984,0.9352288668416683,112.79221784255151,54.03653630340884,48.949746152162454,1.1065263775712875,-0.044865953091424014,0.09776787080011866,-6.552230803169357,Seebeck coefficient,Seebeck,inverse,0,0.7699111436749799,0.38062339968422354,1.1334844459148998,7.914116685147587,160.30111942593737,5186
ESTM,Seebeck coefficient,seebeck_uV_per_K,325,52.52749566383884,0.9344260970105539,116.57365217524709,51.77844700881468,47.97411240527095,1.150097040984679,0.020721108106236178,0.13081668864004747,-8.66857100461872,Seebeck coefficient,Seebeck,inverse,0,0.7892742065956003,0.3775444567422644,1.1330218082216068,8.81354657424696,104.99319855581594,5186
ESTM,Seebeck coefficient,seebeck_uV_per_K,365,52.563725151829566,0.9348444814320661,115.89254220136691,52.927141621101235,48.1753257178818,1.140648303379165,-0.009940220005503294,0.12577310125022695,-8.348722281900567,Seebeck coefficient,Seebeck,inverse,0,0.8625974127409258,0.38116391169058433,1.1584978305938793,8.704776665324168,359.48118619327414,5186
ESTM,Seebeck coefficient,seebeck_uV_per_K,421,53.16351906305935,0.9332443244262976,112.86037905357603,52.4088680363051,48.92017910994278,1.086030590669385,0.02062565539828252,0.12000691839579633,-7.981676209363364,Seebeck coefficient,Seebeck,inverse,0,0.8134187702876421,0.37085196303669316,1.1171033462276494,8.789954597991883,99.33890206719788,5186
ESTM,Seebeck coefficient,seebeck_uV_per_K,482,52.64991916461298,0.9346751890241013,117.84066838389138,52.41481245064018,48.53350100521194,1.1623342970315287,0.00645674054973898,0.1174503823442337,-7.818470046517689,Seebeck coefficient,Seebeck,inverse,0,0.738994496158722,0.3740166008569952,1.0986762785535347,7.544016001002378,124.30620916105988,5186
ESTM,Seebeck coefficient,seebeck_uV_per_K,540,53.42792388371803,0.9323229435628001,116.85696756933537,53.59836687049465,49.85798684377401,1.1290778942992463,-0.004595085150069147,0.09976932648560144,-6.68178132415126,Seebeck coefficient,Seebeck,inverse,0,0.8397542487205091,0.3782350647351621,1.1228884800432084,9.739454279355622,125.14200267383632,5186
ESTM,Seebeck coefficient,seebeck_uV_per_K,639,53.11724904946622,0.93351627635931,117.99071272912026,52.24896554362482,48.93654924891883,1.151420970483199,0.023777957086477168,0.11826805757179655,-7.8707009029290065,Seebeck coefficient,Seebeck,inverse,0,0.8063304540461405,0.37882629017327374,1.118287950281358,8.090673290653305,194.56130889753493,5186
ESTM,Seebeck coefficient,seebeck_uV_per_K,673,51.649062548807876,0.9370745538601813,116.59450075244996,51.50564697851473,47.846328923208006,1.1746856756437998,0.004011548601257897,0.11033392768040073,-7.362638231829132,Seebeck coefficient,Seebeck,inverse,0,0.826505051086889,0.3793183509946372,1.1342456969030659,10.113159115230516,143.61525033737453,5186
ESTM,Seebeck coefficient,seebeck_uV_per_K,757,53.300571817702746,0.9330123957565779,119.80451596196643,53.416128821775175,49.951576973942856,1.168459375046494,-0.003124414095933674,0.09362078585217654,-6.283224981551861,Seebeck coefficient,Seebeck,inverse,0,0.8439794673840865,0.37431751966471905,1.1370636710127062,8.558907798623347,440.3796830719741,5186
ESTM,Seebeck coefficient,seebeck_uV_per_K,860,53.505075322063966,0.9324247747688482,114.57896676054496,54.99396021935581,49.18566846997961,1.0985945805396173,-0.03959743405620458,0.12143773760041773,-8.072891825839845,Seebeck coefficient,Seebeck,inverse,0,0.7197521171106231,0.3805810356447814,1.1114486275387239,7.026595831710709,46.47132246005335,5186
ESTM,Seebeck coefficient,seebeck_uV_per_K,894,54.09659936684303,0.9307902396904892,118.01689417721319,56.98866166496911,52.10998724866986,1.1253835859044348,-0.0751370066228812,0.05397800412582306,-3.6723419612782693,Seebeck coefficient,Seebeck,inverse,0,0.766003790348351,0.38199401659222687,1.1245775376897138,9.482939532565572,54.477271022742336,5186
ESTM,Seebeck coefficient,seebeck_uV_per_K,982,51.34056584148152,0.9376773285431902,111.77175219787823,50.60597485104461,47.25438066957272,1.1223845239140102,0.0207914680437335,0.11965111730549191,-7.9589796195960405,Seebeck coefficient,Seebeck,inverse,0,0.8234056330219883,0.37861461859591217,1.1362267952683522,8.96103447730824,111.82064694735226,5186
ESTM,Seebeck coefficient,seebeck_uV_per_K,1008,52.99549027278027,0.933549913027691,113.70896567921803,52.54501333891742,49.481402948959015,1.1014045099497325,0.012315741596981577,0.09898319098973982,-6.630917660603619,Seebeck coefficient,Seebeck,inverse,0,0.7686487356262979,0.3810353116255339,1.1552919438043876,8.452805925233182,97.14061315812975,5186
ESTM,Seebeck coefficient,seebeck_uV_per_K,1101,51.14231062145984,0.9380693100350718,113.15575043879612,53.731041138512985,48.10923426591976,1.1457206540288103,-0.07123844985759856,0.08820350650502946,-5.930659601968335,Seebeck coefficient,Seebeck,inverse,0,0.8692802538851327,0.3818803086729138,1.1200265463836985,8.448004880274551,426.9545902266327,5186
ESTM,Seebeck coefficient,seebeck_uV_per_K,1165,52.913886489479005,0.9338323513362868,114.5905186142358,51.96159161574652,49.27863927796252,1.114769386619273,0.02620076451466865,0.10268396691128732,-6.870119457657475,Seebeck coefficient,Seebeck,inverse,0,0.8096834223531979,0.3764801755270308,1.1326750286430465,8.13219344716801,100.51756867296412,5186
ESTM,Seebeck coefficient,seebeck_uV_per_K,1255,51.777466572730084,0.9366196176972434,115.60966393575715,51.50946047308738,47.481482267945125,1.1588657170645758,0.007486948245995709,0.12495940366316377,-8.297015263870689,Seebeck coefficient,Seebeck,inverse,0,0.7710995250642881,0.3779890762912644,1.0997247103237358,8.527618952757107,108.50478151145442,5186
ESTM,Seebeck coefficient,seebeck_uV_per_K,1308,51.37426290962563,0.9376995923564516,112.74410377184388,54.23685669919752,48.78960836225492,1.1339342911535266,-0.07822777947755756,0.07447188723592398,-5.031029937923337,Seebeck coefficient,Seebeck,inverse,0,0.9114724867538844,0.3807611583160365,1.1202252199104037,7.55843036203546,278.93460466839264,5186
ESTM,Seebeck coefficient,seebeck_uV_per_K,1333,55.315973697954796,0.9277560999600959,115.71773317176616,56.87854556188709,52.50325252243663,1.0648419117832362,-0.04018842396511019,0.07528935136997605,-5.084826294257494,Seebeck coefficient,Seebeck,inverse,0,0.7616245612708463,0.3788708896637646,1.1384573586614795,8.155457300021277,42.60610431031184,5186
ESTM,Seebeck coefficient,seebeck_uV_per_K,1454,52.402703960820595,0.9352160101285935,111.98633252899045,50.33413437009518,48.291548017641446,1.0956095066890257,0.058104152729892174,0.11787054543314822,-7.8453126125951345,Seebeck coefficient,Seebeck,inverse,0,0.8064624950290772,0.3842224235183537,1.1573829125805457,10.02715501134712,95.96525933137528,5186
ESTM,Seebeck coefficient,seebeck_uV_per_K,1483,53.41319420934888,0.9325792463214571,112.63993511037616,53.71928566364469,49.9464364738759,1.0764503401841754,-0.00824395786064814,0.09681441289118263,-6.49045200683055,Seebeck coefficient,Seebeck,inverse,0,0.8151962883638534,0.3867058027955246,1.142881323232213,8.55906251772135,83.07503986616247,5186
ESTM,Seebeck coefficient,seebeck_uV_per_K,1568,53.413756389221625,0.9327292081526464,112.67369010393753,52.83057730337392,49.36461488171139,1.076867425752551,0.015838172179828407,0.11373407509616128,-7.580709130442864,Seebeck coefficient,Seebeck,inverse,0,0.8006061332803205,0.37988540052973707,1.153928539052143,8.54422597923893,193.29743558470287,5186
ESTM,Seebeck coefficient,seebeck_uV_per_K,1600,51.7693691990657,0.9367907011019722,114.94499744840608,50.07594316868267,47.51991619860238,1.1507730350848726,0.04798105019521955,0.12356644736547377,-8.208431097785152,Seebeck coefficient,Seebeck,inverse,0,0.9303187747838118,0.38034730903372493,1.1013223769834535,9.982506797071418,236.78622032893227,5186
ESTM,Seebeck coefficient,seebeck_uV_per_K,1721,51.932158174545606,0.9360653189600451,114.0051559351287,51.981010426110004,47.960694994946095,1.1343989857149335,-0.0013564961440343816,0.11477561668592999,-7.647406384019895,Seebeck coefficient,Seebeck,inverse,0,0.7544787930364456,0.3707694826810122,1.1375206250509364,8.592195551318483,56.625948607349706,5186
ESTM,Seebeck coefficient,seebeck_uV_per_K,1785,51.547151812111395,0.9369963775973061,112.75172238740186,51.2713891853439,47.2982659636834,1.1291848519645264,0.007738727357436895,0.12410542224377073,-8.242717005810762,Seebeck coefficient,Seebeck,inverse,0,0.7474420504246542,0.37706168013915675,1.1051279708593642,9.138702827681545,47.18806787149415,5186
ESTM,Seebeck coefficient,seebeck_uV_per_K,1864,52.74033588811515,0.9344499773255653,115.11127898091793,52.69879661548391,48.8140784071204,1.1260505359347244,0.0011367412516532288,0.11160946567571563,-7.44450602158474,Seebeck coefficient,Seebeck,inverse,0,0.8311529022345258,0.37852295844776607,1.1362474644856433,10.287654370181592,72.90525553306696,5186
ESTM,Seebeck coefficient,seebeck_uV_per_K,1904,52.6793856703573,0.9344492358400783,113.14011596121298,51.6571139383366,48.63144157298831,1.1028001281922333,0.02827147852801827,0.11534916370070342,-7.68411409103954,Seebeck coefficient,Seebeck,inverse,0,0.7513181763389312,0.3813226572861481,1.1311288273755662,8.526168778095151,77.32922375778881,5186
ESTM,Seebeck coefficient,seebeck_uV_per_K,1949,53.855431719257744,0.9314322798942184,112.50636012759644,54.116340958030264,51.05852401073961,1.0628427974299182,-0.006972437114368136,0.07694002537252162,-5.193362339193741,Seebeck coefficient,Seebeck,inverse,0,0.9338005950029418,0.37547972854138684,1.1103930233460266,8.224783947992002,345.8243601664957,5186
ESTM,Seebeck coefficient,seebeck_uV_per_K,2010,52.35970889410806,0.9353168743309258,116.09838999378094,54.10398565488983,49.30622382355356,1.1488189842002634,-0.04727780004866564,0.08668730977406768,-5.831745697306778,Seebeck coefficient,Seebeck,inverse,0,0.8252758595924863,0.3872401117757446,1.1374364019829437,8.416839436412308,279.7474252759492,5186
ESTM,Seebeck coefficient,seebeck_uV_per_K,2024,52.05476162709838,0.9361323816059707,116.66216637969343,50.671926712924346,48.217299241532515,1.1642347269820825,0.03884345190817568,0.11047929317428803,-7.371971872729077,Seebeck coefficient,Seebeck,inverse,0,0.7723953920900496,0.3840234904228921,1.1352534748607792,8.367222936043957,167.06242640561229,5186
ESTM,Seebeck coefficient,seebeck_uV_per_K,2133,53.95118573755388,0.9310695474039221,113.14948859961851,55.85807392051252,50.2871345644788,1.0685034914051077,-0.05011116037557702,0.10146531871510275,-6.7914191745458545,Seebeck coefficient,Seebeck,inverse,0,0.8015055237852108,0.3725036799520108,1.091874205209579,8.984465062433253,94.13480547808106,5186
ESTM,Seebeck coefficient,seebeck_uV_per_K,2152,52.47307720683951,0.9350531698104247,112.33371003957325,52.01577350571012,49.120992269904406,1.09814162639545,0.012628218029554454,0.09523769299964047,-6.388199654694892,Seebeck coefficient,Seebeck,inverse,0,0.7768849233953155,0.37480382964709,1.1290602101936837,8.249349553402904,83.02136533686917,5186
ESTM,Seebeck coefficient,seebeck_uV_per_K,2256,54.983262008665626,0.9287477026262879,112.65103105153963,54.34959544561598,51.244549982770216,1.0347961123574183,0.016723204088420325,0.1015939229231197,-6.799727570376179,Seebeck coefficient,Seebeck,inverse,0,0.7806250909103671,0.3712723332908531,1.0763341505663107,7.52718234612146,418.24089135597626,5186
ESTM,Seebeck coefficient,seebeck_uV_per_K,2267,53.22204296697163,0.932994116240233,113.9413136328418,53.28222851741393,50.05943850936941,1.098195148853733,-0.0016305337464637866,0.08838178116669791,-5.9422830866617815,Seebeck coefficient,Seebeck,inverse,0,0.8762764975486714,0.3753620146809541,1.1281082362025647,8.113296450342391,189.21812315870025,5186
ESTM,Seebeck coefficient,seebeck_uV_per_K,2352,53.995630179566376,0.9310768061926941,114.7810610313934,52.09344731125568,49.49305922553191,1.0879700547627513,0.05174074456723813,0.12561643624041946,-8.338769154209036,Seebeck coefficient,Seebeck,inverse,0,0.8481083502002273,0.38593452657082356,1.1430594654755626,8.245674157214573,228.885581756844,5186
ESTM,Seebeck coefficient,seebeck_uV_per_K,2431,53.1780122509997,0.9332328397807501,113.74909611119898,52.86432306814868,49.34622438275475,1.0969533246150882,0.008535442890494247,0.10789014720289272,-7.205586869548542,Seebeck coefficient,Seebeck,inverse,0,0.9111510233742903,0.38109688590738533,1.1418653772655891,10.004969241000227,135.34151277088625,5186
ESTM,Seebeck coefficient,seebeck_uV_per_K,2504,52.81522083603563,0.9341527736266863,110.8513324987914,52.36218033901023,48.4577443031051,1.069600446978411,0.012428588524513303,0.12422651104015699,-8.250418087729427,Seebeck coefficient,Seebeck,inverse,0,0.8631879315634854,0.3770167649338233,1.1418860504845214,10.5810077276413,126.74626087825273,5186
ESTM,Seebeck coefficient,seebeck_uV_per_K,2556,55.10688921873688,0.9277325289633539,117.01059891790187,55.41052519603972,52.0609404926193,1.0863346217353975,-0.007927351959732466,0.08203131481446327,-5.527346524728028,Seebeck coefficient,Seebeck,inverse,0,0.7849930575618673,0.36937865231573525,1.078030683373193,8.705004045799821,267.7602260829206,5186
ESTM,Seebeck coefficient,seebeck_uV_per_K,2666,51.718604289785105,0.9368963975030525,111.13858694340689,50.015354004486404,47.634919884031525,1.1036045552396352,0.04831229241148003,0.1186637797444057,-7.895967924563941,Seebeck coefficient,Seebeck,inverse,0,0.8572550721050518,0.37652554838657454,1.1396448145714775,7.703886832895896,517.5798040872496,5186
ESTM,Seebeck coefficient,seebeck_uV_per_K,2683,52.13885261840263,0.9358018946160707,116.04288129676506,48.3023109129374,46.842285832815485,1.1542272826138642,0.11026662175089787,0.15454735599174899,-10.15857948457749,Seebeck coefficient,Seebeck,inverse,0,0.7552065915252785,0.3835996156249784,1.1312337837012962,8.32841753294047,48.84644623230952,5186
ESTM,Seebeck coefficient,seebeck_uV_per_K,2739,53.855312236349086,0.9316316384790659,115.22050859596727,53.635727581388124,50.65456196661686,1.0972369682017769,0.005894335639082355,0.08839645337321254,-5.943239648644938,Seebeck coefficient,Seebeck,inverse,0,0.9173902090240866,0.37820705324627013,1.0868985109637892,7.5840012598310516,899.8487828391908,5186
ESTM,Seebeck coefficient,seebeck_uV_per_K,2854,52.778364617131786,0.9343271176282263,115.36114419272506,52.44927027901434,48.856567575537355,1.1281388255963078,0.009023947331080997,0.11139413777519765,-7.4306907196617145,Seebeck coefficient,Seebeck,inverse,0,0.8929946284192717,0.3822482839828085,1.129737538117833,9.179552429100845,190.18138742122323,5186
ESTM,Seebeck coefficient,seebeck_uV_per_K,2926,53.64751663121937,0.9319568598620608,110.48931306268936,53.34769542437379,49.34065960537109,1.0423235389265333,0.008085440313348761,0.12073438721288912,-8.028064104913234,Seebeck coefficient,Seebeck,inverse,0,0.7937411918486383,0.3753799836243157,1.108291785306621,8.56474294951351,249.6953093805579,5186
ESTM,Seebeck coefficient,seebeck_uV_per_K,3000,52.77469534951731,0.9341434175973043,117.59146408526941,51.59212886781622,49.300667629357484,1.1558650888329927,0.03269536715152181,0.0982391617020931,-6.58275277034186,Seebeck coefficient,Seebeck,inverse,0,0.8690334410661736,0.37831800851534475,1.128734166919378,10.045336494999503,210.5427415154963,5186
ESTM,ZT,ZT,4,0.11362075596897292,0.8921665628457228,0.1534210871921997,0.10350630179252286,0.10260969324750346,0.43327038285013436,0.13450780075368923,0.14705938230745752,-9.691066238352008,ZT,ZT,forward,1,1.0199460528235316,0.8120614996444464,2.218892334957113,3.695787300771282,4.983735011917356,5186
ESTM,ZT,ZT,34,0.11152965489510876,0.8968633343526206,0.1507750587820548,0.10428731602832277,0.10200092398085553,0.43497043475875485,0.09686366252540869,0.12884514191032367,-8.543674705364058,ZT,ZT,forward,1,1.0109275231466157,0.8090016799933377,2.210440108471571,3.6249019351495932,5.798334573656568,5186
ESTM,ZT,ZT,42,0.11435395236862915,0.8912040044638859,0.15505782755036224,0.10536541690385474,0.10357720352350457,0.43930012729920936,0.1181048073930224,0.14279971704131436,-9.424028310263266,ZT,ZT,forward,1,1.0056041024261442,0.8011779173546734,2.1896153515263808,3.6027479894870904,4.927132490630364,5186
ESTM,ZT,ZT,83,0.11015611331584378,0.8992260544167796,0.14989170975697677,0.0992734852145414,0.09784158639380176,0.44437103033190156,0.15006921490870873,0.17102986138956594,-11.179158878575668,ZT,ZT,forward,1,1.0239730106075793,0.8142019583242188,2.260403225024585,3.7671867393298184,5.4300362209814,5186
ESTM,ZT,ZT,99,0.1124015126926825,0.8949335090291953,0.154832776923404,0.1054429407463215,0.10184587406610009,0.4620494600094172,0.09219893939065524,0.1422739157112246,-9.391011182778863,ZT,ZT,forward,1,1.012780400259288,0.8110835500301375,2.2050761672387864,3.646479349151487,5.923343271484982,5186
ESTM,ZT,ZT,134,0.11014725699529666,0.8992189966327718,0.15443408328890737,0.1028978741880746,0.10039852396617926,0.4875576196627502,0.0982203906768992,0.13369550864713609,-8.850636225588149,ZT,ZT,forward,1,1.0116637780449145,0.8046731053157065,2.1738021476677822,3.687150294649389,5.563026280178364,5186
ESTM,ZT,ZT,178,0.11317497198091613,0.8938524802456737,0.15161667491914085,0.10352558343370843,0.10195612347700146,0.4218734815377715,0.12856761616166343,0.15060652330244756,-9.912835238701378,ZT,ZT,forward,1,0.9977148017510737,0.7893410195741133,2.163765968194856,3.5882676831294575,5.431835220406503,5186
ESTM,ZT,ZT,237,0.10852785753798695,0.9018838116712349,0.1530754098283881,0.0993467110253385,0.09735259310119333,0.49617713637591615,0.12752129776402252,0.15677409678984588,-10.297139085125728,ZT,ZT,forward,1,1.0243820229366791,0.8119684603666458,2.2503115789608064,3.6654207698403773,5.297219843039926,5186
ESTM,ZT,ZT,325,0.11456835598121617,0.890775637184492,0.15685205640764932,0.1063943319777819,0.10402198002489606,0.453195820011063,0.10678732858675352,0.13932021919271917,-9.20531316522446,ZT,ZT,forward,1,1.0075494199666555,0.7909561207794549,2.1840495790701873,3.624219478991088,5.7060629405697965,5186
ESTM,ZT,ZT,365,0.11320188995411003,0.8934992522973108,0.14945344635736824,0.10914446475219135,0.10194558273613437,0.4007981207863435,0.05265907869708874,0.1510987795096818,-9.943568276588632,ZT,ZT,forward,1,1.0149318032207526,0.8168494122088477,2.200006879746109,3.585219315615959,5.24806251336569,5186
ESTM,ZT,ZT,421,0.11403568112082546,0.8921048084025552,0.1548306934291448,0.10635138356594116,0.10451672750650266,0.44120619160504826,0.10064650416637728,0.12575144749612638,-8.347346655681465,ZT,ZT,forward,1,1.0030104940747593,0.800131221893257,2.1744650038417395,3.5795584655210653,5.193131320410205,5186
ESTM,ZT,ZT,482,0.11006640938520602,0.8992350036381677,0.1527165782424208,0.09925330738884043,0.09829624409833349,0.47248243606849644,0.14918716454540612,0.1631660498960557,-10.693694245698326,ZT,ZT,forward,1,1.0177945988433375,0.8185976047526524,2.213333664084921,3.590752763561719,5.522140121219801,5186
ESTM,ZT,ZT,540,0.1137249188345746,0.8927154134873888,0.15198471781539138,0.10639575037843146,0.10419812890333742,0.41837786184527864,0.09610787660617273,0.1262190337553247,-8.377047026162266,ZT,ZT,forward,1,1.006667700307138,0.800162679419008,2.1964749136156314,3.5404299957695358,5.800567453237802,5186
ESTM,ZT,ZT,639,0.1115728830164354,0.8966029585492188,0.15249881048817968,0.1023643008365729,0.10045302709793147,0.4508115563406313,0.12427376455565023,0.15146539359265943,-9.966450286012519,ZT,ZT,forward,1,1.012519019274204,0.8085967261462367,2.2242249294033893,3.6012240477990134,4.902138936043984,5186
ESTM,ZT,ZT,673,0.11255939707418279,0.8945919436763744,0.1899741240572137,0.12383078681799065,0.1030847418104212,0.7551164198381848,-0.13768353618530624,0.1268556993127611,-8.417471583929393,ZT,ZT,forward,1,1.0189688864831945,0.8119137112081648,2.189260837800213,3.655924835441631,10.013266655941074,5186
ESTM,ZT,ZT,757,0.11454363804724249,0.8911350539978512,0.15319184455404508,0.10665961384080436,0.10495079498365184,0.4194421637400792,0.10288332118571364,0.12618423624707667,-8.374837072692042,ZT,ZT,forward,1,0.9877175649816727,0.7875125351944829,2.166636862728298,3.4715667464897244,5.380729736022568,5186
ESTM,ZT,ZT,860,0.11285939916373496,0.8944335820300631,0.15253317903381794,0.10450316065462256,0.10299499333532684,0.43459651784007036,0.11097999747695472,0.13195236554053455,-8.740438015354801,ZT,ZT,forward,1,1.0151452777555603,0.8060285280545159,2.2020010596166073,3.5936384951147105,5.173136915480942,5186
ESTM,ZT,ZT,894,0.11078335711878923,0.8981098157632244,0.15283961096335263,0.10287975630244957,0.10004766393110427,0.4642773276644225,0.10678203254175818,0.1470536815815822,-9.690709387127017,ZT,ZT,forward,1,1.0133003319681333,0.8051891157900046,2.1886187621656026,3.6425389658767937,5.036775973082887,5186
ESTM,ZT,ZT,982,0.10964115801986025,0.9000206198629663,0.14943544291716693,0.10100490473175637,0.09944066459678054,0.44673289440311525,0.11836411996897855,0.14088162739819346,-9.303525799346279,ZT,ZT,forward,1,1.0237259715956737,0.8163937807760442,2.2323814924371037,3.6903038144115716,5.853548699203346,5186
ESTM,ZT,ZT,1008,0.11292778120692337,0.8941221390670818,0.15613358986855622,0.10381672950870442,0.10099603456470085,0.4673805003578805,0.12136150019009485,0.16110179602766278,-10.565820486952958,ZT,ZT,forward,1,1.0175537736838227,0.8146609725265145,2.187339075077638,3.7562088825408337,7.34114950491225,5186
ESTM,ZT,ZT,1101,0.1118475401857087,0.8960557492948323,0.15174251306322617,0.10486000378513739,0.1032203119040445,0.4400918078511842,0.09306902513759274,0.11580663300363274,-7.713382223104571,ZT,ZT,forward,1,1.022691004674773,0.8002367693669672,2.2265533108601936,3.622034634265147,5.3457239543148525,5186
ESTM,ZT,ZT,1165,0.110460895558337,0.8986678611968854,0.15068846022467305,0.1037198111185293,0.10170543820568372,0.44803320989682494,0.09084424512347027,0.11913890678772954,-7.9262958247783954,ZT,ZT,forward,1,1.0082831631511358,0.8050942552265496,2.201527612318242,3.6247021213874167,4.722127927070014,5186
ESTM,ZT,ZT,1255,0.1109184895080963,0.8979746988427492,0.15104983648310563,0.100695431971848,0.09920857512963123,0.4455247473454658,0.13950163769494464,0.1609631439617243,-10.557224886848394,ZT,ZT,forward,1,1.0146216809150275,0.8157529323154656,2.212138829194733,3.5578214272387845,5.414053005150817,5186
ESTM,ZT,ZT,1308,0.10840821869957178,0.9025219878835071,0.14741109376040842,0.09882642502454013,0.09785684782852644,0.4433709666716781,0.1335053769721392,0.14772941873485243,-9.732999026841327,ZT,ZT,forward,1,1.0164011937356932,0.8170518069283605,2.2067471035431003,3.649257063038092,5.81204622215038,5186
ESTM,ZT,ZT,1333,0.1128166001460079,0.8942099221209396,0.14963708132658352,0.1046873591910482,0.10203799779456783,0.40748836600093574,0.1078921155145448,0.1448728699426999,-9.554092516075062,ZT,ZT,forward,1,0.9925303180579713,0.7865980277009446,2.16901135278201,3.5570415322795994,5.121576577296965,5186
ESTM,ZT,ZT,1454,0.11794161898160181,0.8844493597350825,0.15622993619890277,0.1224855630822797,0.10668583506052425,0.40559802057652444,-0.054538810903666836,0.14470426452112464,-9.543521632370844,ZT,ZT,forward,1,1.0170928414425058,0.8068939082701181,2.189383310809907,3.75870295478099,6.55039731255048,5186
ESTM,ZT,ZT,1483,0.11319773240533153,0.8936034799849185,0.15142780432622577,0.10417851451151673,0.1019588688798533,0.4197850710714602,0.11978728730493557,0.15085778470060357,-9.928523554901957,ZT,ZT,forward,1,1.037054389282373,0.8268266576209762,2.253252718754,3.6980384009972154,5.591322800275003,5186
ESTM,ZT,ZT,1568,0.11227228389455153,0.895064853671833,0.1535922034433755,0.1030097589766402,0.10065421851681323,0.45210316400825656,0.12422079821717913,0.15759418238918824,-10.348115291437576,ZT,ZT,forward,1,1.0089289714350929,0.8055207362579568,2.1758332742360555,3.6495870066009126,5.28977527644003,5186
ESTM,ZT,ZT,1600,0.11006423226644313,0.8993278886636524,0.15162867272557526,0.10060639628027752,0.09799907445849369,0.46219688013855736,0.1296236796849522,0.16750568133028426,-10.961924286849289,ZT,ZT,forward,1,1.0152743858298576,0.8118031879835325,2.2223354702655946,3.657095819973051,5.455530642168683,5186
ESTM,ZT,ZT,1721,0.11239688346663469,0.8949234851041687,0.15193228679461623,0.10322603280257536,0.1013930602708535,0.43482645319570246,0.12279518004536794,0.14864312101106852,-9.790149741160493,ZT,ZT,forward,1,0.9969868567878991,0.796578627148941,2.156679857797243,3.5291952739150076,5.766705699499631,5186
ESTM,ZT,ZT,1785,0.11095984794782887,0.8978680978731947,0.15343715437687155,0.10297567445186323,0.10030237753184461,0.4676101539046807,0.10773414045391683,0.1456819123149167,-9.60479904496192,ZT,ZT,forward,1,1.0157727262808942,0.8113523759925814,2.2089839845498567,3.777487278007054,5.95952141507636,5186
ESTM,ZT,ZT,1864,0.1100224828131009,0.8985615047104686,0.15060890128929927,0.10239369789050244,0.10018113579837233,0.4530086737917786,0.10367144159240732,0.1351874916389482,-8.944850873295064,ZT,ZT,forward,1,1.0124363975266126,0.7993490299949264,2.202250079300219,3.7305329262793707,5.2254684407407685,5186
ESTM,ZT,ZT,1904,0.10978777309114494,0.899252539526252,0.1506624041620526,0.09920883279434974,0.09812609663978113,0.45660206372938744,0.1461769144292964,0.16200861498789812,-10.622017482477197,ZT,ZT,forward,1,1.017157383588104,0.8130760246248554,2.2389650829334853,3.5973031652940737,6.981230457895355,5186
ESTM,ZT,ZT,1949,0.11411116339699917,0.8916997955295605,0.15733258952735013,0.10755371978054923,0.10520090296441743,0.46337760224692587,0.08538251444279214,0.11729284846745111,-7.808403811976261,ZT,ZT,forward,1,1.0013209849667275,0.8005993004032339,2.2121607128433274,3.676256680269471,5.52444628950204,5186
ESTM,ZT,ZT,2010,0.11299753904061864,0.8930347946292595,0.15253588714926472,0.10429620101603639,0.10226564594544213,0.432857353059905,0.11560474398711723,0.1439697701641927,-9.497457366145623,ZT,ZT,forward,1,1.0243254717946666,0.8136273000627277,2.231561517894363,3.653561633380395,4.902933760735942,5186
ESTM,ZT,ZT,2024,0.1137999425360538,0.8922949499097204,0.1567549855587259,0.10546123029552364,0.10148673673482483,0.46201149921625195,0.10978709694626745,0.16520863471430142,-10.8200457107682,ZT,ZT,forward,1,1.0210991156157379,0.8099121667390843,2.219748671932737,3.671508632111872,7.673459789926462,5186
ESTM,ZT,ZT,2133,0.11220489765408076,0.895117400247241,0.15371503491681646,0.10298826315774094,0.1009601140177448,0.45412263258808977,0.12365571675637238,0.15235020508689948,-10.021651346274375,ZT,ZT,forward,1,1.0091002994845728,0.8120001097729563,2.202415773565529,3.608405279429794,5.464366566379141,5186
ESTM,ZT,ZT,2152,0.11079255274805495,0.898147264232942,0.151961143368892,0.10662794393025286,0.10022691816693118,0.45584156252446123,0.055275335601999175,0.14459088119670546,-9.536412257916194,ZT,ZT,forward,1,1.015967364607666,0.8015662161742956,2.2087944121223266,3.653756093778509,5.263554846596537,5186
ESTM,ZT,ZT,2256,0.11053334944276616,0.8981778201114192,0.1538088046866606,0.1026463408978867,0.10011125918310017,0.4766563754437643,0.1067995167175495,0.14287747792363054,-9.428910199688211,ZT,ZT,forward,1,0.9910095703074261,0.7902072655917154,2.1451027532650486,3.518190879369086,5.042650786363306,5186
ESTM,ZT,ZT,2267,0.11392655997352846,0.8922369302825462,0.15534383165897866,0.10827101615673866,0.10551043713657991,0.44736083131374266,0.07345703596162989,0.110718407241685,-7.387322884939285,ZT,ZT,forward,1,1.0024364986907928,0.7947966538065279,2.1713792289258382,3.5081829447650428,5.558108206372492,5186
ESTM,ZT,ZT,2352,0.11166890915627443,0.8964527573083104,0.1527921727648954,0.10205223691547714,0.10046288418456994,0.45234307215191066,0.12991976114588388,0.1525649677690194,-10.03504471958464,ZT,ZT,forward,1,1.0079688736069459,0.79467675185251,2.2119671840299286,3.6019638823036035,5.046479251016399,5186
ESTM,ZT,ZT,2431,0.10996917806576739,0.8993335153173087,0.15347616997593752,0.10182798290731783,0.09866986500975157,0.48091544298391276,0.11096514813795044,0.15641778455995456,-10.27498182195945,ZT,ZT,forward,1,1.010252872850058,0.806386356991698,2.186836140840371,3.663147132300468,5.513268997960396,5186
ESTM,ZT,ZT,2504,0.1123264005032963,0.8954272486733545,0.15574214091741992,0.1023135470763646,0.10096680611964683,0.4714623138759256,0.13469986841372786,0.1538159796930448,-10.113022702366504,ZT,ZT,forward,1,1.0011143623641914,0.7980164951596175,2.160927492126053,3.751553903787096,5.4319696844907615,5186
ESTM,ZT,ZT,2556,0.11308867478395919,0.8938377721133127,0.15267520756530784,0.10313420953280876,0.10256948746059862,0.4330113480625869,0.13293150564310613,0.1408528390149991,-9.301715970636382,ZT,ZT,forward,1,0.9837655477598113,0.7840698741163818,2.1409739729506896,3.499800578119788,4.903557625508198,5186
ESTM,ZT,ZT,2666,0.11322503762769014,0.8935497625077171,0.15140088233214696,0.105799577142355,0.1033652562734676,0.4191805942340333,0.09785915750539584,0.13144167868515666,-8.708128132086612,ZT,ZT,forward,1,1.0048266810005069,0.7952750608567056,2.2035851609421373,3.645462467455246,5.454883107481693,5186
ESTM,ZT,ZT,2683,0.1113150658582367,0.8972542329196634,0.15218610050401774,0.10264366155715293,0.10063976208896643,0.4511877338758805,0.1170043254136319,0.14544844960428768,-9.590169746533327,ZT,ZT,forward,1,1.0172942921529204,0.8106995420764173,2.211159038715005,3.616484114170292,6.715045451536444,5186
ESTM,ZT,ZT,2739,0.11480993802282809,0.8899829451520912,0.15551375282084715,0.1062898539269249,0.10450110338000466,0.43779464234329896,0.11124363942872806,0.13572935288621715,-8.97904381829182,ZT,ZT,forward,1,1.0105173374386418,0.7954735924958516,2.1871894003990136,3.6174156205450316,5.468074272743116,5186
ESTM,ZT,ZT,2854,0.1109654496846979,0.8968515131492195,0.15484212120564916,0.10236300693925737,0.10041199627762347,0.4806874290791387,0.1164161148520471,0.1441789083240368,-9.51057598294016,ZT,ZT,forward,1,1.0415422507993137,0.830317630970723,2.2623574295260855,3.688534914266681,5.38543363732503,5186
ESTM,ZT,ZT,2926,0.11305972169281707,0.8940341684519163,0.15504338082339683,0.1071572535736674,0.10370995840053954,0.45558688434732364,0.07735554009785305,0.12453062003042017,-8.269756153903163,ZT,ZT,forward,1,1.0017079718119024,0.7933638341341906,2.1652269434305604,3.5788603683701385,4.889773190797019,5186
ESTM,ZT,ZT,3000,0.10990373432072782,0.8997741917276324,0.15231496326822233,0.10165360165016664,0.09945465260015933,0.47081727052675787,0.11257907549644326,0.14412963852295432,-9.507485605607668,ZT,ZT,forward,1,1.0133554410345316,0.800627168515577,2.205993730250927,3.6688109266814277,5.475258191511752,5186
ESTM,log10 electrical conductivity,log10_electrical_conductivity,4,0.325951448228421,0.882274330477002,1.0423771288055865,0.3270208250899241,0.3064767475570196,1.6771483442664683,-0.004725425985963029,0.08887946471442376,-5.974724388324814,log10 electrical conductivity,lg sigma_elec,inverse,2,1.10657067412093,0.4241508679299322,1.34282670578424,8.128528217054582,535.9989507074026,5186
ESTM,log10 electrical conductivity,log10_electrical_conductivity,34,0.32344832465008966,0.8842283493193525,1.0507722477914327,0.30532834099681977,0.29702301984576535,1.69984285748281,0.08317373141317945,0.12296049315930348,-8.169869122961614,log10 electrical conductivity,lg sigma_elec,inverse,2,1.1582318697899299,0.4251271030738989,1.3409644449498601,10.945380662361964,584.1735419895175,5186
ESTM,log10 electrical conductivity,log10_electrical_conductivity,42,0.3041716060817904,0.8980604838952106,1.0602790415785217,0.28665628699658136,0.2754833764569733,1.801486608365809,0.08556356531570838,0.14292022152685643,-9.431593564687613,log10 electrical conductivity,lg sigma_elec,inverse,2,1.01829095323648,0.4240488854184591,1.3102939402344949,9.19487342367636,277.54935774341175,5186
ESTM,log10 electrical conductivity,log10_electrical_conductivity,83,0.30790309674326893,0.8955040277201082,1.0762125934712385,0.30880241935389074,0.2921077712772413,1.805414811416841,-0.004207678239725223,0.07597563705353885,-5.129966419011966,log10 electrical conductivity,lg sigma_elec,inverse,2,1.949040734776452,0.4220403294146941,1.3055283999447602,9.80107689176845,2996.1796914043925,5186
ESTM,log10 electrical conductivity,log10_electrical_conductivity,99,0.30900672799066714,0.8939078046147136,1.018330781510237,0.2777498889643029,0.27100752181963106,1.7204961087713684,0.15385191534064332,0.18930535604397059,-12.297209972782131,log10 electrical conductivity,lg sigma_elec,inverse,2,0.9671977500219772,0.4270662023014443,1.3712596704887465,10.371563807735326,257.5508380498962,5186
ESTM,log10 electrical conductivity,log10_electrical_conductivity,134,0.3186689323877189,0.8873164449670794,1.08815128266469,0.30741938389708867,0.29280929063733296,1.771748864307896,0.05185024001050366,0.12209704494567701,-8.114892643165772,log10 electrical conductivity,lg sigma_elec,inverse,2,1.2261005860772445,0.42401945973836064,1.3381873897430658,10.604886254337293,573.1071217497632,5186
ESTM,log10 electrical conductivity,log10_electrical_conductivity,178,0.31408906734609593,0.8913138676667117,1.039892846451856,0.3034249738669968,0.2849416392239886,1.727189244206025,0.04983389351874107,0.14050726561286378,-9.27998811559706,log10 electrical conductivity,lg sigma_elec,inverse,2,1.8591813263282484,0.4184537292616339,1.3070888695184504,10.723328716472396,2259.301198397736,5186
ESTM,log10 electrical conductivity,log10_electrical_conductivity,237,0.3101431318905168,0.8938968203937381,1.0589990510932232,0.28793997858997483,0.28350903574832065,1.7716952146749512,0.10716606521397751,0.12953946063312372,-8.587678850034376,log10 electrical conductivity,lg sigma_elec,inverse,2,1.0229053680698712,0.4358543302211453,1.3306767538148814,9.888608424103941,251.5133698591576,5186
ESTM,log10 electrical conductivity,log10_electrical_conductivity,325,0.31151044780387127,0.8930257560466348,1.0354918062059204,0.2867412635250448,0.2780646194139664,1.7329636816541112,0.11953102019804297,0.16386036117146438,-10.736663449234474,log10 electrical conductivity,lg sigma_elec,inverse,2,1.087984561925738,0.43357029606907355,1.3516903916817133,10.596975799409138,246.91931816016225,5186
ESTM,log10 electrical conductivity,log10_electrical_conductivity,365,0.29547464578548666,0.9037721563029576,1.0288968736452604,0.2883507798667652,0.26407766116806747,1.799992142689891,0.03520941604251588,0.16207207397466078,-10.625948813291163,log10 electrical conductivity,lg sigma_elec,inverse,2,1.2740293774104041,0.4302132148123865,1.3299949582357633,9.721233032403676,509.4437944151359,5186
ESTM,log10 electrical conductivity,log10_electrical_conductivity,421,0.3302718259368052,0.8796986195085008,1.0394890228624891,0.30938726562482877,0.2999525666737507,1.6541487133305144,0.09424008808582442,0.13891952818439313,-9.18009254257608,log10 electrical conductivity,lg sigma_elec,inverse,2,1.0649786334498257,0.432053051897155,1.371406798756607,11.031627087876391,237.69521672074256,5186
ESTM,log10 electrical conductivity,log10_electrical_conductivity,482,0.30708431176811213,0.8961471251925031,1.097927483442993,0.29360893827607637,0.27807390777803326,1.838076054189023,0.06473892170582587,0.14316643010109908,-9.447048539550739,log10 electrical conductivity,lg sigma_elec,inverse,2,1.0566572665508958,0.4270654824943616,1.2974488517897975,10.005837288438585,670.3801085393703,5186
ESTM,log10 electrical conductivity,log10_electrical_conductivity,540,0.3215977753593517,0.8857019316575817,1.0035842498703216,0.3209056974276667,0.2935982950331056,1.641832402681417,0.003108023001898765,0.1314138364911214,-8.706366297142331,log10 electrical conductivity,lg sigma_elec,inverse,2,1.3496376617910932,0.4288969435430706,1.3589479667138018,12.557014753871853,505.80788053258766,5186
ESTM,log10 electrical conductivity,log10_electrical_conductivity,639,0.3134083215350893,0.8909072599627001,1.0446008882049544,0.3120066664005805,0.29444779553229683,1.7368364440305435,0.00646663203231824,0.09003161396095459,-6.049783844258783,log10 electrical conductivity,lg sigma_elec,inverse,2,1.411498703672556,0.4262389453053177,1.3066785643451442,8.942211643036707,2261.90844826875,5186
ESTM,log10 electrical conductivity,log10_electrical_conductivity,673,0.301165645232189,0.8990783041067671,1.0429816641012233,0.2758429970247274,0.2667824914755666,1.7920846826729395,0.12670985287029038,0.17489321955383605,-11.416691877360085,log10 electrical conductivity,lg sigma_elec,inverse,2,1.2453919918923593,0.4274737357272477,1.3699064999956012,11.375069990939828,262.5210115931157,5186
ESTM,log10 electrical conductivity,log10_electrical_conductivity,757,0.32059223218410254,0.8866844012147183,1.0079852945926693,0.33407249441329984,0.3025466985646776,1.6526632165121635,-0.05942173442395637,0.08358162816611674,-5.628811869983852,log10 electrical conductivity,lg sigma_elec,inverse,2,1.484315667475707,0.42297576004768483,1.319056246179073,9.946394198511518,1611.8816086577956,5186
ESTM,log10 electrical conductivity,log10_electrical_conductivity,860,0.31339310347308047,0.8914595426070124,1.0157712693519285,0.2974964617599128,0.2832729148895445,1.6965302363100916,0.07510092222621706,0.1457807670474402,-9.610992791397921,log10 electrical conductivity,lg sigma_elec,inverse,2,0.9873920616484132,0.42079119164849466,1.3472569925929698,9.309645453478478,144.06689003464885,5186
ESTM,log10 electrical conductivity,log10_electrical_conductivity,894,0.304085959959504,0.8980423606004028,1.0503039011455806,0.2924804947428239,0.2783291245724659,1.7882557142842885,0.056138790929032296,0.1276873255368221,-8.470248146434711,log10 electrical conductivity,lg sigma_elec,inverse,2,1.2581376394884787,0.4258463230364431,1.3276279835613904,11.594396320314873,740.0776065604013,5186
ESTM,log10 electrical conductivity,log10_electrical_conductivity,982,0.30647051892210847,0.8962072698578246,1.0468450964102878,0.3150997667061559,0.27863313691069486,1.7722277748641917,-0.040060386359619164,0.13738145679519245,-9.083216914083891,log10 electrical conductivity,lg sigma_elec,inverse,2,1.6328732544362132,0.4328542267689134,1.3358816022372841,13.928617386705376,1267.389337974508,5186
ESTM,log10 electrical conductivity,log10_electrical_conductivity,1008,0.3050401346944553,0.8974317897294922,1.0636977160302157,0.2786605382072482,0.27336774981057094,1.802017242485589,0.13049035984520435,0.15815602022517022,-10.383022193328472,log10 electrical conductivity,lg sigma_elec,inverse,2,1.1876499770006954,0.42283348318638336,1.3127432097713998,11.503142394831704,370.04544947095184,5186
ESTM,log10 electrical conductivity,log10_electrical_conductivity,1101,0.30565802524417274,0.8962819513581355,1.0414976976341557,0.28828425144274455,0.2724058036964382,1.768669298536837,0.08442641985378109,0.16616100569185976,-10.878896937573046,log10 electrical conductivity,lg sigma_elec,inverse,2,0.978897466845491,0.42809610355037353,1.3549335361941302,11.357252521092558,132.19257550711282,5186
ESTM,log10 electrical conductivity,log10_electrical_conductivity,1165,0.3133360236765406,0.8916417763213649,1.0466472364356314,0.29311727729088344,0.27976275063730016,1.7399927276798142,0.09623263558920177,0.16350675743970952,-10.714782374942766,log10 electrical conductivity,lg sigma_elec,inverse,2,1.2965595409694803,0.4281392381398508,1.4009394483938238,10.962420000901096,559.6361921614151,5186
ESTM,log10 electrical conductivity,log10_electrical_conductivity,1255,0.30033341730554874,0.900088806261997,1.07995131752458,0.2860208053932918,0.26439267953105144,1.8463293656700899,0.07044491502236729,0.1838827764380544,-11.966945968564147,log10 electrical conductivity,lg sigma_elec,inverse,2,2.414411647613225,0.42386071434855366,1.3462908151952382,11.267560141819514,6708.789244418946,5186
ESTM,log10 electrical conductivity,log10_electrical_conductivity,1308,0.3128501229105457,0.8916316014548054,1.0528018257144678,0.3046813853252757,0.2851021218825561,1.7506903200883188,0.03817031035440416,0.13399289420978078,-8.86942308663361,log10 electrical conductivity,lg sigma_elec,inverse,2,1.8977564426768856,0.43206543303854783,1.375363723949332,11.201042438481847,2991.518249879777,5186
ESTM,log10 electrical conductivity,log10_electrical_conductivity,1333,0.306999433712051,0.896207032041794,1.0829664663746623,0.28539944525291117,0.27690985686601993,1.8186806716301314,0.10525346384947976,0.14881958571601245,-9.80118317555383,log10 electrical conductivity,lg sigma_elec,inverse,2,1.4101374294008493,0.4210521265187208,1.3301654455011847,10.470800003487444,682.3432736992212,5186
ESTM,log10 electrical conductivity,log10_electrical_conductivity,1454,0.30912706973841947,0.8946108170139122,1.0967968258827732,0.28148253005974583,0.2721071582970678,1.8270244018704505,0.13515460849474864,0.18402508418241142,-11.975629139394883,log10 electrical conductivity,lg sigma_elec,inverse,2,1.659661126753853,0.4223693302838142,1.3800222885172846,10.556387968163394,1907.0924607289448,5186
ESTM,log10 electrical conductivity,log10_electrical_conductivity,1483,0.302296656879911,0.8987604433779618,1.0584318603481953,0.2914373970005453,0.27937107367050085,1.8078914653151368,0.05277900949773116,0.1137823736352086,-7.583803091318153,log10 electrical conductivity,lg sigma_elec,inverse,2,1.2378771959876562,0.4288665565760964,1.3681477977581564,10.855437727517327,459.6223044445206,5186
ESTM,log10 electrical conductivity,log10_electrical_conductivity,1568,0.29952522712957136,0.9011705342884654,1.0349767979854356,0.2834508936522423,0.2680340529086666,1.7888490034919784,0.07957869964420214,0.1602612149472843,-10.513696800330619,log10 electrical conductivity,lg sigma_elec,inverse,2,2.0781688234602465,0.4245155739250589,1.3864671336787442,8.8907931953117,4886.8716231280605,5186
ESTM,log10 electrical conductivity,log10_electrical_conductivity,1600,0.30689976419695647,0.8962978988843009,1.0891760289607824,0.27428059872575145,0.2631178820047952,1.8273976939723566,0.16211496075436185,0.22205823711956882,-14.26585722759427,log10 electrical conductivity,lg sigma_elec,inverse,2,1.0090488257071195,0.4249842593703908,1.3521029857889864,9.67670875031148,149.7010092685604,5186
ESTM,log10 electrical conductivity,log10_electrical_conductivity,1721,0.309791375404981,0.8927815146630369,1.0401037706876595,0.2914673920642547,0.2793412730795306,1.7473585874309063,0.08796248920147394,0.1492682303839041,-9.829228552810376,log10 electrical conductivity,lg sigma_elec,inverse,2,0.9741175147619321,0.4266369508177884,1.341368006791042,10.819193800800651,211.5799750220812,5186
ESTM,log10 electrical conductivity,log10_electrical_conductivity,1785,0.3041992838335592,0.897757312289236,1.0685183383754702,0.2843933110177758,0.2718395447112691,1.812523006679414,0.09712922366907538,0.16226141522839238,-10.637677615308117,log10 electrical conductivity,lg sigma_elec,inverse,2,1.2215770951029943,0.4263898948635353,1.3337719346841852,11.379794671112275,357.0116828319676,5186
ESTM,log10 electrical conductivity,log10_electrical_conductivity,1864,0.3135284908275738,0.8916065617905309,1.052426360355301,0.2859534358266389,0.27978038099432084,1.747050835503407,0.13281630884287834,0.16430174883364182,-10.763969087521563,log10 electrical conductivity,lg sigma_elec,inverse,2,1.668797876457413,0.4268379277891274,1.3876242059364672,10.725215446639801,2020.6626609330383,5186
ESTM,log10 electrical conductivity,log10_electrical_conductivity,1904,0.3179438766844918,0.8885715114996872,1.0806230591707389,0.3102605497719042,0.29033652701461576,1.7650193435572326,0.03529185701188857,0.13104603634556142,-8.683088964557072,log10 electrical conductivity,lg sigma_elec,inverse,2,1.1556372613185013,0.42669663732451824,1.3111944269908,11.5054196356427,643.8796079287214,5186
ESTM,log10 electrical conductivity,log10_electrical_conductivity,1949,0.3171814176393395,0.8888238961794402,1.0757091102721643,0.293621839385448,0.28132723264786613,1.761907844740192,0.11134897310964739,0.17305903874886036,-11.30399922489861,log10 electrical conductivity,lg sigma_elec,inverse,2,1.2123039148557753,0.42064607890723266,1.3090681672259314,10.75627512469038,737.2283772020176,5186
ESTM,log10 electrical conductivity,log10_electrical_conductivity,2010,0.3021035308724118,0.8995152318890014,1.061232989062062,0.2723802707207232,0.2642372665528174,1.8126264774604617,0.14942083722030763,0.19320909523132748,-12.534201176081783,log10 electrical conductivity,lg sigma_elec,inverse,2,1.2466009752806666,0.42356817545292,1.3653225098482165,9.94279137464196,430.01255890366,5186
ESTM,log10 electrical conductivity,log10_electrical_conductivity,2024,0.30017098971036255,0.9007835449659978,1.0735640987636046,0.3053587056043768,0.2677793667235997,1.838551873775699,-0.024720423025786028,0.16473975259188073,-10.791057129810511,log10 electrical conductivity,lg sigma_elec,inverse,2,1.0667513660169041,0.42275833095763427,1.3345905900056678,9.913533328026123,212.39267004982528,5186
ESTM,log10 electrical conductivity,log10_electrical_conductivity,2133,0.3107999002211294,0.8922584282440317,1.0787439502274074,0.3000631257554283,0.2847264225391814,1.7952945228600057,0.05072000108296292,0.12640965956098518,-8.389152526560373,log10 electrical conductivity,lg sigma_elec,inverse,2,1.0886197405307576,0.424482571981586,1.304106862260569,8.89366850449813,561.4725360814073,5186
ESTM,log10 electrical conductivity,log10_electrical_conductivity,2152,0.3191451753764416,0.8878200927765686,1.0528698833742662,0.31243015064324914,0.2994019086529935,1.7220424116916209,0.030679152753967615,0.09212941981684483,-6.1862964715541535,log10 electrical conductivity,lg sigma_elec,inverse,2,0.9867828488247299,0.43185901550077965,1.38119160550101,11.123157694958412,164.97219510938518,5186
ESTM,log10 electrical conductivity,log10_electrical_conductivity,2256,0.3244551432017431,0.8837821197742893,1.0774121272375259,0.2908941148281859,0.28974796718798096,1.7314792685599334,0.15752492642305546,0.1632204959158357,-10.69706452216157,log10 electrical conductivity,lg sigma_elec,inverse,2,1.0977267043377212,0.4219236133546271,1.3407194988673061,10.055914361014962,508.8674041452177,5186
ESTM,log10 electrical conductivity,log10_electrical_conductivity,2267,0.31143925371382936,0.8929426197847449,1.039767137495401,0.2913360061859684,0.27636305754721885,1.7392377658967697,0.09626677772086069,0.17238601441154905,-11.262612451171872,log10 electrical conductivity,lg sigma_elec,inverse,2,1.1524728910531152,0.4268311044848121,1.3530641294030423,9.287510849569248,570.8223706901506,5186
ESTM,log10 electrical conductivity,log10_electrical_conductivity,2352,0.3200304201458291,0.8865808357426257,0.998192972735738,0.3020231699952334,0.2860629460406545,1.6411097018736454,0.08354981392853313,0.1618764091142085,-10.613826676131765,log10 electrical conductivity,lg sigma_elec,inverse,2,1.133580292613183,0.4273938689069075,1.407499370483442,10.170833650573133,524.2132186469687,5186
ESTM,log10 electrical conductivity,log10_electrical_conductivity,2431,0.3070068482305351,0.896234831308251,1.0818881180340016,0.2917896175795493,0.2792927108162082,1.8172085701021279,0.07334228696739988,0.1364929157406691,-9.027204954567003,log10 electrical conductivity,lg sigma_elec,inverse,2,1.453291006782863,0.41942240975070844,1.3512957092686404,13.337477524882669,1688.0873814708316,5186
ESTM,log10 electrical conductivity,log10_electrical_conductivity,2504,0.3117139824600827,0.8928903293415974,1.0404966236630186,0.2935060691980745,0.28319341420312066,1.7389775075751572,0.08683253486805115,0.13843515569598958,-9.149595418169698,log10 electrical conductivity,lg sigma_elec,inverse,2,11.353502669442625,0.4183414853031895,1.3393656785431842,12.001502502905689,51762.9688018611,5186
ESTM,log10 electrical conductivity,log10_electrical_conductivity,2556,0.32893206804381653,0.8804316552338891,1.0773176445648003,0.3003569905405603,0.29850458693126297,1.711582117348375,0.13111142367857878,0.1400365647286315,-9.25038452270952,log10 electrical conductivity,lg sigma_elec,inverse,2,1.0823872527221825,0.4185496442160006,1.26988583890772,10.909945605424038,524.2532147605076,5186
ESTM,log10 electrical conductivity,log10_electrical_conductivity,2666,0.3041447835704984,0.8979483408494754,1.0255100197039047,0.2865178900297329,0.27644010122861346,1.7535114220084365,0.08613303762756377,0.13779134799020426,-9.10904406008437,log10 electrical conductivity,lg sigma_elec,inverse,2,1.2104613485904046,0.42064325515889567,1.3233043301681442,10.85243203070762,649.4203734810276,5186
ESTM,log10 electrical conductivity,log10_electrical_conductivity,2683,0.29938524072106026,0.9009089491952674,1.0420625261641607,0.2940874741175012,0.2728035991291707,1.7993668398673945,0.025757762543516347,0.13414042214735827,-8.878741493023668,log10 electrical conductivity,lg sigma_elec,inverse,2,1.2491200254349244,0.42813660086261335,1.4211694155810233,10.646809715029232,846.651537347405,5186
ESTM,log10 electrical conductivity,log10_electrical_conductivity,2739,0.3070427399494098,0.8957646759813603,1.0741327068631188,0.2858405096900973,0.2753738785147648,1.8066608503516162,0.1032290992966072,0.15704777641305306,-10.314154127162533,log10 electrical conductivity,lg sigma_elec,inverse,2,1.171808500374496,0.4223757620001538,1.2605257747225136,9.035041194964231,1160.0339927335438,5186
ESTM,log10 electrical conductivity,log10_electrical_conductivity,2854,0.30257257619735173,0.899035924075949,1.0797653740463804,0.2826468809777177,0.27302938987228337,1.835364718973371,0.09828045729058596,0.14822497773785828,-9.763999995095041,log10 electrical conductivity,lg sigma_elec,inverse,2,1.3384202520814736,0.4396263193924302,1.3573366200608699,11.121741878102307,863.9538219201089,5186
ESTM,log10 electrical conductivity,log10_electrical_conductivity,2926,0.3222586336727826,0.8832536401754895,1.0540031545454345,0.3147302356009867,0.2951191449832664,1.709588269203142,0.034103227969664814,0.1269214961469978,-8.42164828299784,log10 electrical conductivity,lg sigma_elec,inverse,2,1.2363947793565384,0.4199784275803839,1.3448733832622746,10.620534628494319,1147.1311894589658,5186
ESTM,log10 electrical conductivity,log10_electrical_conductivity,3000,0.30100202311038554,0.9001696498779309,1.02887939775304,0.28290385620746633,0.26825431082842255,1.7732287947838494,0.08946134177035608,0.1661718285554976,-10.879565507090804,log10 electrical conductivity,lg sigma_elec,inverse,2,1.499731709063603,0.4235476832945245,1.3556462525065849,10.404432791061675,2441.336720605648,5186
ESTM,log10 thermal conductivity,log10_thermal_conductivity,4,0.08273160197590236,0.9536138404824134,0.4229920284894495,0.08015516632998514,0.07575367405883364,2.354120052038303,0.04564300708945616,0.12712265699301462,-8.43441653541438,log10 thermal conductivity,lg kappa_thermal,inverse,3,2.3084553963342227,1.3177417471327715,3.0168242229441278,16.97895749345348,290.8651460126767,5186
ESTM,log10 thermal conductivity,log10_thermal_conductivity,34,0.08802347683286336,0.9477188594281372,0.4002548244227919,0.08268788414863024,0.08024209454118343,2.184958529319064,0.09021240393198263,0.13352909298080862,-8.84012148992367,log10 thermal conductivity,lg kappa_thermal,inverse,3,2.7292849881332746,1.3031116872197122,2.966467160610125,19.23142147754737,1458.1272292396677,5186
ESTM,log10 thermal conductivity,log10_thermal_conductivity,42,0.08661658518188213,0.949622185426006,0.41333226310318505,0.08070277087499676,0.07852589059453476,2.2545867781855256,0.1020250876425762,0.14147489578351605,-9.340814545341525,log10 thermal conductivity,lg kappa_thermal,inverse,3,2.2106313894891545,1.3012469002265457,2.997292084047641,18.05758646475575,529.1383342771152,5186
ESTM,log10 thermal conductivity,log10_thermal_conductivity,83,0.08810964474092108,0.947822325565966,0.42255845008258214,0.08525789309244147,0.08149560517907513,2.261779060368395,0.04746654581593533,0.11257768833849932,-7.506601100587762,log10 thermal conductivity,lg kappa_thermal,inverse,3,4.1140797784544505,1.3084750148964241,2.9427129157711702,17.586870557182714,7350.485530175894,5186
ESTM,log10 thermal conductivity,log10_thermal_conductivity,99,0.08743397832609444,0.9487019782649879,0.39834660129376226,0.08385667091841296,0.07994687826625073,2.187758316294568,0.06026848762863839,0.12915234341658183,-8.563146963208935,log10 thermal conductivity,lg kappa_thermal,inverse,3,2.161918012389138,1.3001778680324705,3.0368816349873446,18.58047606826953,110.61163734761428,5186
ESTM,log10 thermal conductivity,log10_thermal_conductivity,134,0.08454670033380703,0.9519807143806481,0.41037053861033485,0.0817605723542626,0.07787348298257284,2.2791068047341665,0.04834315490455719,0.11861629668132553,-7.892936477576318,log10 thermal conductivity,lg kappa_thermal,inverse,3,2.4299592384244977,1.296884560255653,2.976822513911842,18.231612481991515,1412.7045258450712,5186
ESTM,log10 thermal conductivity,log10_thermal_conductivity,178,0.08613376216087863,0.9500975801207243,0.40781974116690317,0.07996707663538637,0.07809663165137193,2.2432808610424146,0.10717269874251963,0.14131852133456518,-9.330987417564717,log10 thermal conductivity,lg kappa_thermal,inverse,3,2.451251211241188,1.2888829633738248,2.9709062419419787,19.92866168421489,249.4521266562716,5186
ESTM,log10 thermal conductivity,log10_thermal_conductivity,237,0.0878074934870271,0.9481493769518273,0.41394608825601714,0.08619912417764003,0.08146023026912423,2.2370269157806444,0.026670853585665594,0.10824817202541605,-7.2286122355156746,log10 thermal conductivity,lg kappa_thermal,inverse,3,2.3838746380172293,1.3206822313377296,2.979821302453217,18.627677016882444,352.1206286401353,5186
ESTM,log10 thermal conductivity,log10_thermal_conductivity,325,0.08816513570399291,0.9476684082630337,0.40227311166957297,0.0806762768921571,0.07899822535298347,2.189895140186879,0.12806375779024176,0.15838802034282767,-10.397432361230162,log10 thermal conductivity,lg kappa_thermal,inverse,3,2.198468032678952,1.313738992835745,2.9982837069534707,19.23361493016821,309.47177604348207,5186
ESTM,log10 thermal conductivity,log10_thermal_conductivity,365,0.08513814379535385,0.9511971540859726,0.4036858276553766,0.08110551108617843,0.0780213686591891,2.245355396939027,0.07000568812930877,0.12593632994319093,-8.35909125910862,log10 thermal conductivity,lg kappa_thermal,inverse,3,2.6118606976212173,1.3098405087245726,2.9898044169375977,22.0418448487724,481.216433823244,5186
ESTM,log10 thermal conductivity,log10_thermal_conductivity,421,0.0865600930077693,0.9496743777764367,0.40130813638133717,0.08163573439094583,0.0790409521374883,2.2129364521125225,0.08450124830801546,0.13110172340635404,-8.686613668039978,log10 thermal conductivity,lg kappa_thermal,inverse,3,2.3671317060517425,1.3041840905155064,3.0796260513090568,23.67345455663791,562.9645341222508,5186
ESTM,log10 thermal conductivity,log10_thermal_conductivity,482,0.08581546073082942,0.9505643306195276,0.42635296230418596,0.08207512629442716,0.0787734863041475,2.312738784665258,0.0642925259650576,0.1235274637709249,-8.205950730451617,log10 thermal conductivity,lg kappa_thermal,inverse,3,2.2249762898831347,1.304683430464778,2.931267830764277,19.08178031967152,363.04853261569633,5186
ESTM,log10 thermal conductivity,log10_thermal_conductivity,540,0.0855738982498565,0.9507692512535296,0.4062498513525876,0.08018479354832768,0.07719757444083196,2.247124567143069,0.09384214668849529,0.14861529437399568,-9.78840976084503,log10 thermal conductivity,lg kappa_thermal,inverse,3,2.556948978770205,1.3075195903625412,3.0287467627376135,21.69602076854162,506.1677619064965,5186
ESTM,log10 thermal conductivity,log10_thermal_conductivity,639,0.08579983754135696,0.9504588865425442,0.41005377195875076,0.0831717839931521,0.07928544908665253,2.2567662872397314,0.0448807386034808,0.11391879735911453,-7.592541712639478,log10 thermal conductivity,lg kappa_thermal,inverse,3,2.236990243661017,1.3060915101194994,2.9872745473514177,17.968062138187765,460.4087108570552,5186
ESTM,log10 thermal conductivity,log10_thermal_conductivity,673,0.0840692324739193,0.952442338305274,0.40310993433839687,0.08135459229414013,0.07677922181401696,2.261523530836897,0.0473541165312101,0.13086196379404655,-8.671437154090722,log10 thermal conductivity,lg kappa_thermal,inverse,3,2.601743694350977,1.309577241248775,3.0302005663619687,19.70700902897115,644.9585860405406,5186
ESTM,log10 thermal conductivity,log10_thermal_conductivity,757,0.08609676249448121,0.9501058141984808,0.40073793027074295,0.07943156414187087,0.0776225921476262,2.2186281749065477,0.11624657614694799,0.1494823771952101,-9.842612081259405,log10 thermal conductivity,lg kappa_thermal,inverse,3,2.967217705132801,1.2870430735667537,2.972234453258805,18.298282756475423,3966.7643662165065,5186
ESTM,log10 thermal conductivity,log10_thermal_conductivity,860,0.09093784982770108,0.9443864158200163,0.4084721914074678,0.0856362102708258,0.08356412801077877,2.167285065804364,0.08665994043104357,0.12199713049103016,-8.108528880871068,log10 thermal conductivity,lg kappa_thermal,inverse,3,2.247963069738939,1.3058974458046082,3.0013622568150065,16.72715492268401,358.8343402697731,5186
ESTM,log10 thermal conductivity,log10_thermal_conductivity,894,0.08479583179093957,0.9516154519874428,0.4093214665946168,0.07919964123084847,0.0767182681580423,2.2711690751766884,0.09849945466028225,0.1444231964117441,-9.525897042689735,log10 thermal conductivity,lg kappa_thermal,inverse,3,2.4861028205863818,1.3086421764554186,3.038812732392011,18.39913784506245,811.3152280828862,5186
ESTM,log10 thermal conductivity,log10_thermal_conductivity,982,0.08781736047474174,0.9481677935481283,0.40828120849790017,0.0832691397138543,0.08030243076140058,2.216985090618866,0.07672425306054349,0.12906251314510023,-8.557453415492521,log10 thermal conductivity,lg kappa_thermal,inverse,3,2.3975859712711083,1.3228424821644076,3.0464063062747218,19.4331996303755,325.5163463206653,5186
ESTM,log10 thermal conductivity,log10_thermal_conductivity,1008,0.08664265511380713,0.9496118576535449,0.4189789976566416,0.08053162794952419,0.08010808285249489,2.273728567844905,0.1055219563572328,0.11312963722241011,-7.541980624588351,log10 thermal conductivity,lg kappa_thermal,inverse,3,2.1676267125075106,1.3122318128892967,2.9028203263729777,18.057799610411056,298.29708450048963,5186
ESTM,log10 thermal conductivity,log10_thermal_conductivity,1101,0.08748796339718913,0.9486094245026084,0.40607136351676204,0.08289283113710016,0.08052610455856686,2.2145768412390545,0.0778372066820926,0.1196279995996002,-7.957504744985233,log10 thermal conductivity,lg kappa_thermal,inverse,3,2.382489635868569,1.311620686877422,3.0359272249332516,20.750479402125894,327.8868465232464,5186
ESTM,log10 thermal conductivity,log10_thermal_conductivity,1165,0.08817980414912703,0.9478217431469697,0.417126181734552,0.08357735766266133,0.08106428447086966,2.241963690837597,0.07733612477246041,0.12138184486459241,-8.069330326730839,log10 thermal conductivity,lg kappa_thermal,inverse,3,2.5036291373266346,1.2982307881951258,2.988013891311458,18.752495432293546,784.5871532277221,5186
ESTM,log10 thermal conductivity,log10_thermal_conductivity,1255,0.08600281782852189,0.9502150083494,0.4221141159693984,0.08355104332242654,0.07882516158589507,2.2951772407401108,0.04172608590283447,0.12572770725716784,-8.34583845489586,log10 thermal conductivity,lg kappa_thermal,inverse,3,2.158024671017332,1.2994033181769375,2.9798934077411086,17.593231954499,128.32501935886208,5186
ESTM,log10 thermal conductivity,log10_thermal_conductivity,1308,0.08693814907802612,0.949027982359008,0.4018150765515194,0.08256720348118203,0.0802403557528852,2.2084704106873785,0.0744205382899254,0.11566137853642496,-7.704090087229387,log10 thermal conductivity,lg kappa_thermal,inverse,3,3.0295076803658314,1.3151889105776937,3.0201269355023026,20.309028833789796,2144.836170265116,5186
ESTM,log10 thermal conductivity,log10_thermal_conductivity,1333,0.08550194928638827,0.9508115128718955,0.4140747086601351,0.07809296902347561,0.07673695402212156,2.2758618705158082,0.13076464769763216,0.15603581106024508,-10.251222735178123,log10 thermal conductivity,lg kappa_thermal,inverse,3,2.2210924153236515,1.291571123871639,2.9365104843629197,20.35065314194453,269.7058494614292,5186
ESTM,log10 thermal conductivity,log10_thermal_conductivity,1454,0.08616364073515986,0.9501881867875738,0.40456768845534413,0.08086568669635547,0.07922447168787454,2.2312299854682167,0.0915515489760372,0.12113307645622792,-8.053477067681204,log10 thermal conductivity,lg kappa_thermal,inverse,3,2.151002451731428,1.307464163381372,3.00329298730055,19.024974969154798,128.86658818384566,5186
ESTM,log10 thermal conductivity,log10_thermal_conductivity,1483,0.0884028351143184,0.9473743537706859,0.41129426329626123,0.08294473382028357,0.08102819788780943,2.218006406089791,0.09194225110855171,0.12566858358157523,-8.342082261244709,log10 thermal conductivity,lg kappa_thermal,inverse,3,2.5409892076953753,1.3303900253746548,3.096880067602587,21.10203828558327,641.290517795736,5186
ESTM,log10 thermal conductivity,log10_thermal_conductivity,1568,0.0847585060737936,0.9513950101732093,0.40588034597085604,0.08025346258645884,0.0778277315161597,2.2596244172349693,0.07879451988589538,0.12307385267305883,-8.177084376168375,log10 thermal conductivity,lg kappa_thermal,inverse,3,2.55378171764958,1.3118905026238594,3.076693765204186,18.58271985933974,919.1866579704928,5186
ESTM,log10 thermal conductivity,log10_thermal_conductivity,1600,0.08604592469393084,0.9501898964251181,0.4239722828768094,0.08301737880841599,0.0790241928835661,2.300791181812825,0.05169348398566784,0.12281246979066011,-8.160446686279855,log10 thermal conductivity,lg kappa_thermal,inverse,3,2.423570363491777,1.3050064383608146,2.904810579587714,18.334178621036607,369.2529920578893,5186
ESTM,log10 thermal conductivity,log10_thermal_conductivity,1721,0.08706385840334284,0.9490264278746987,0.4113860398315652,0.08401153964439083,0.08060181775526323,2.2403469751202905,0.05148645037448852,0.11126158217313864,-7.422185010619165,log10 thermal conductivity,lg kappa_thermal,inverse,3,2.175612856146808,1.2990940268020885,2.9719828245471573,19.39568767199379,284.1516254498009,5186
ESTM,log10 thermal conductivity,log10_thermal_conductivity,1785,0.08671456468341393,0.9493922438456751,0.41477089165963293,0.08493529426810653,0.07934672834294117,2.257968414622397,0.029910150390801537,0.12810359211814457,-8.496653782870256,log10 thermal conductivity,lg kappa_thermal,inverse,3,2.244501588077255,1.2990421664280472,3.0143789294128274,18.97396475428388,287.26448137041547,5186
ESTM,log10 thermal conductivity,log10_thermal_conductivity,1864,0.08661382309201993,0.9495459083129595,0.4070686859567966,0.08137459435911107,0.07881889655449424,2.23260305075141,0.09001884289316558,0.13605573732266082,-8.999633383281358,log10 thermal conductivity,lg kappa_thermal,inverse,3,2.9656830039221758,1.3088653698350603,3.095375621219095,20.50820573552903,3244.998409525524,5186
ESTM,log10 thermal conductivity,log10_thermal_conductivity,1904,0.08590781698879306,0.9502564587064405,0.4158397003953553,0.07901529574167336,0.0777489825083493,2.2751661822454863,0.1206574556172976,0.1439656171414492,-9.49719684008279,log10 thermal conductivity,lg kappa_thermal,inverse,3,2.2652980451254803,1.3141378009176428,2.99799066922869,23.181630152227886,168.12870786978743,5186
ESTM,log10 thermal conductivity,log10_thermal_conductivity,1949,0.08600941284757263,0.9503516115551798,0.4180004073680815,0.08037740732421576,0.07799186149995134,2.2809378865709338,0.0977045144430228,0.14117097093204664,-9.321713847564727,log10 thermal conductivity,lg kappa_thermal,inverse,3,2.478455394929684,1.3023266105018045,2.9812353552164854,20.552140373224102,688.0095851009614,5186
ESTM,log10 thermal conductivity,log10_thermal_conductivity,2010,0.08733362109639137,0.9487419169349239,0.4222957599009541,0.08346706313046337,0.08088848718151416,2.2736446969916075,0.06533015042441195,0.11060278040363564,-7.379900013264784,log10 thermal conductivity,lg kappa_thermal,inverse,3,2.353940184079152,1.3195123532718904,2.9662734206166825,18.619002662978794,1055.2605682941598,5186
ESTM,log10 thermal conductivity,log10_thermal_conductivity,2024,0.08534998659651237,0.9511215189412024,0.4166320254385903,0.07809252769870123,0.07722731539554653,2.287310908117468,0.12820641632239624,0.14427970593788456,-9.516898039322896,log10 thermal conductivity,lg kappa_thermal,inverse,3,2.3477561014630943,1.3121869736481282,2.973314250199909,16.048149386425646,371.3953506677399,5186
ESTM,log10 thermal conductivity,log10_thermal_conductivity,2133,0.08670697991168048,0.9491371520885491,0.4132776477630542,0.08281665930812702,0.07942661748716456,2.252891297076526,0.06622712720338492,0.12652556999895698,-8.396512520597167,log10 thermal conductivity,lg kappa_thermal,inverse,3,2.544609270789828,1.2992286385819258,2.992139801721608,19.109988874551536,1383.0509731023224,5186
ESTM,log10 thermal conductivity,log10_thermal_conductivity,2152,0.08333492960448047,0.9531342492895517,0.40760495518468903,0.07876105014836073,0.07576790470924753,2.290178361119461,0.08143897665813792,0.13733447192183845,-9.080255939672742,log10 thermal conductivity,lg kappa_thermal,inverse,3,2.351100456471898,1.3161774716967594,3.1535298290355387,21.185675555618037,405.7998703935923,5186
ESTM,log10 thermal conductivity,log10_thermal_conductivity,2256,0.08427526512898677,0.9521974099044489,0.4185460999573065,0.07973466696891025,0.07711609005972893,2.3122053683743387,0.07990214661380461,0.12807735502504317,-8.494989672593057,log10 thermal conductivity,lg kappa_thermal,inverse,3,2.267900161999147,1.2825586785343606,2.966492303251473,15.879852659016633,1268.739745635887,5186
ESTM,log10 thermal conductivity,log10_thermal_conductivity,2267,0.08600741089133646,0.9503355403923495,0.4058288159789793,0.08287231268673824,0.07875668099340948,2.23833842650776,0.05357079255275909,0.12705866235507599,-8.430354806387207,log10 thermal conductivity,lg kappa_thermal,inverse,3,2.7822764179860453,1.296808154977335,3.029069488903372,21.49861417269702,1394.7029115452474,5186
ESTM,log10 thermal conductivity,log10_thermal_conductivity,2352,0.0880402040924444,0.9479448214041506,0.4108194848806083,0.08453668477930126,0.08121878457427134,2.2222702145318016,0.05858495341418645,0.11634905192016393,-7.74807326776571,log10 thermal conductivity,lg kappa_thermal,inverse,3,2.6027144178403887,1.3147048674305546,3.1009267233863995,22.89927656453627,312.126789083001,5186
ESTM,log10 thermal conductivity,log10_thermal_conductivity,2431,0.08511096136907347,0.951335854009225,0.40932571928839456,0.0811172762425393,0.07764654752746127,2.2658324664591794,0.0693357370442132,0.13242316924460376,-8.770214460677595,log10 thermal conductivity,lg kappa_thermal,inverse,3,2.3881753600758118,1.2971551737266602,2.922789551926425,22.1669430859114,512.2368692705807,5186
ESTM,log10 thermal conductivity,log10_thermal_conductivity,2504,0.08907235608672749,0.946569543960246,0.4050607532988155,0.08473634415480517,0.08205729205989074,2.185088646836355,0.07199686908105156,0.11834621061514233,-7.875691555757625,log10 thermal conductivity,lg kappa_thermal,inverse,3,2.404516945593307,1.2890195088960743,3.0091961533483524,18.955110244667452,639.4321843427109,5186
ESTM,log10 thermal conductivity,log10_thermal_conductivity,2556,0.08675218106875676,0.9494826631208485,0.4254977328519071,0.0827951511557541,0.08024460532197357,2.294179510335903,0.06735374977727955,0.11249562337186389,-7.501339639663374,log10 thermal conductivity,lg kappa_thermal,inverse,3,2.207817327086974,1.276005718309531,2.8161823119861467,19.097226135748294,264.61405614475893,5186
ESTM,log10 thermal conductivity,log10_thermal_conductivity,2666,0.08443408079064625,0.9521385930549879,0.41152416700089406,0.0821289975586079,0.07806259206564127,2.285079808334584,0.03993375372043383,0.11319407459918732,-7.546110131527395,log10 thermal conductivity,lg kappa_thermal,inverse,3,2.3783974558887024,1.2941385620663874,2.9454615055140687,17.054890519062184,860.8640957996057,5186
ESTM,log10 thermal conductivity,log10_thermal_conductivity,2683,0.08524599100257424,0.9509458606873444,0.4069961825067258,0.08064584346000297,0.07787487528789606,2.2553113695857703,0.08003180999865954,0.13047404009525104,-8.646876677702753,log10 thermal conductivity,lg kappa_thermal,inverse,3,2.295232918424602,1.3152643774231976,3.0464207635485536,20.36133023854531,604.0379808925476,5186
ESTM,log10 thermal conductivity,log10_thermal_conductivity,2739,0.08925814780215813,0.946499285428842,0.4223144076957898,0.08847759660666933,0.08358884498506193,2.2422616924068386,0.012671672568845752,0.09467344344703174,-6.351580171327642,log10 thermal conductivity,lg kappa_thermal,inverse,3,2.7095919661982384,1.306576261587824,2.927280310635989,16.3799262464857,2848.388119982533,5186
ESTM,log10 thermal conductivity,log10_thermal_conductivity,2854,0.08789625421449287,0.9478002023692979,0.4180904727901657,0.08322616783961863,0.08052146162242557,2.249941578515706,0.07876447522927725,0.12642832456660258,-8.390337743028986,log10 thermal conductivity,lg kappa_thermal,inverse,3,2.310711148298732,1.3378548256501492,3.018715099885706,19.44299789743268,249.99411444726115,5186
ESTM,log10 thermal conductivity,log10_thermal_conductivity,2926,0.08657349301262107,0.9497074328896026,0.40413101962380277,0.08137775386996653,0.0786349996867078,2.2228258170653774,0.08929090887159487,0.13875378440386005,-9.169658113200963,log10 thermal conductivity,lg kappa_thermal,inverse,3,2.507708601645567,1.2953451226545374,3.008498865400358,22.97124019123925,386.0718699103895,5186
ESTM,log10 thermal conductivity,log10_thermal_conductivity,3000,0.08596377898953046,0.9502616512436769,0.41012040907600805,0.08205212186425836,0.07968535658633925,2.2542467286663497,0.06718826314808551,0.10941427429893275,-7.30356724307788,log10 thermal conductivity,lg kappa_thermal,inverse,3,2.4727996883662007,1.3052659773506017,3.0212628979220275,20.414447431127844,423.4433429513947,5186
PV,FF,FF_fraction,4,0.0922726323923906,0.4317552817264194,0.1508744647896664,0.0920724804497835,0.092055419519341,0.7093739329952204,0.003132801559407919,0.003400156151698606,-0.2354033557056212,FF,FF,inverse,4,2.6713885757143117,1.8486521702827543,2.887518017662125,11.227522964421107,2324.6021730168845,8154
PV,FF,FF_fraction,14,0.0870961553159247,0.4610702247345052,0.2066559963465943,0.0871762181345309,0.0870397563973408,1.2465502851920636,-0.0013255829045310864,0.0009345165187008218,-0.06475477405325503,FF,FF,inverse,4,2.5527294633066653,1.816254080716204,2.842039714948995,11.392047891751634,597.7508489857952,8154
PV,FF,FF_fraction,23,0.0891225441149159,0.4415559287209727,0.1620037347035842,0.0890011610073034,0.0888956778462605,0.8621647503027849,0.001966260856602823,0.00367714062433008,-0.254555422433711,FF,FF,inverse,4,2.314856097437392,1.8340885229684976,2.8349454180050424,9.85800248018498,161.77268014474484,8154
PV,FF,FF_fraction,42,0.0933996205496186,0.4276689111736328,0.1452903243433974,0.0930919531250281,0.093155457039454,0.637450035534206,0.0047602222626181604,0.0037764041693759856,-0.2614180964845447,FF,FF,inverse,4,2.9761250914858564,1.8262718710010353,2.822295733339912,11.987359858951947,2319.579584985353,8154
PV,FF,FF_fraction,59,0.0907981181188829,0.4301296439388937,0.1463317692419923,0.0907888430546588,0.0906712122831706,0.6885087169850412,0.00014737940527442524,0.0020178225078888294,-0.13976703299747317,FF,FF,inverse,4,2.3823890475325364,1.8047788745089117,2.8134940029013347,10.122305120240505,199.1747110048028,8154
PV,FF,FF_fraction,66,0.0865158604885384,0.4610550061115122,0.1741845425623982,0.0863899226002899,0.0863188363257228,1.0095800587140802,0.0021016069644388346,0.0032892227196829604,-0.22773184211893893,FF,FF,inverse,4,2.3449590553673723,1.827710276063798,2.8354340347274767,11.399745741385605,122.60069387850044,8154
PV,FF,FF_fraction,87,0.0913411454305447,0.4446679733683152,0.1459931925839328,0.0912500531417823,0.0911429658616314,0.6765643137029013,0.0014394823539260978,0.0031335637021298567,-0.2169663714847947,FF,FF,inverse,4,2.433711455128696,1.842374728030301,2.901761700323046,12.356286648530626,197.26152496728884,8154
PV,FF,FF_fraction,90,0.0883701053214455,0.4423428483495581,0.1894142071046091,0.0879054233120287,0.088031836722256,1.0999142362263368,0.0076062285974187425,0.005533034648781936,-0.38278623518559485,FF,FF,inverse,4,2.5431080379048177,1.8102056155047994,2.9694442675573702,12.681786035235609,380.5261468937588,8154
PV,FF,FF_fraction,97,0.0901612440551897,0.4358620816073074,0.2049827789009327,0.0901049004632983,0.0899868189376219,1.1849233832899932,0.0009018512430245355,0.0027937278544879394,-0.19345908477153007,FF,FF,inverse,4,2.4002529876616387,1.808241946593266,2.88596710996268,12.18292571100056,231.6083644268312,8154
PV,FF,FF_fraction,99,0.0885220829977617,0.4548545861562355,0.1966158745624503,0.0885293813209948,0.0883551418075947,1.1512705036297557,-0.00011894004697095249,0.0027233048116236083,-0.18858705592277314,FF,FF,inverse,4,3.028288211036986,1.8096644515209195,2.8726749767332582,13.946399961700259,2377.934583290189,8154
PV,FF,FF_fraction,124,0.0887009943706748,0.4621769788388545,0.1942413332431689,0.0886266230197087,0.0884401169661215,1.1308280463109455,0.0012101350832204386,0.004249344571525598,-0.29410877116339273,FF,FF,inverse,4,2.4937794490732617,1.8272933118780172,2.8927111715519103,13.000143064630512,361.13866168864456,8154
PV,FF,FF_fraction,161,0.0902162541651939,0.4315927140124495,0.1894696239132347,0.0898076887951663,0.0899543369165828,1.0705072808341942,0.006548420565851412,0.004194546730490362,-0.29032157346224885,FF,FF,inverse,4,2.6975630179740406,1.800805251079128,2.8274864905498824,11.789844830045206,2165.345939282722,8154
PV,FF,FF_fraction,178,0.0892116253257676,0.4545218504830464,0.1924109547684257,0.088874834419339,0.0889286750502617,1.1088873125005356,0.005456755673355796,0.0045830314838125035,-0.3171674929950741,FF,FF,inverse,4,2.4805466525680315,1.809216045307341,2.911328040316614,13.974343933771406,142.65356168832363,8154
PV,FF,FF_fraction,226,0.0885368150894695,0.4533007217929652,0.194312139812526,0.0882436153710551,0.0882792574910517,1.1340266555019853,0.004785576848135265,0.0042029814073187895,-0.2909045216473394,FF,FF,inverse,4,2.7873035276609324,1.8301835738929244,2.853138184457755,12.19329135806059,1414.23923114055,8154
PV,FF,FF_fraction,238,0.0900148761085965,0.4423182592329254,0.1698064309001247,0.0896289417515438,0.0897353307447647,0.9156557475450661,0.006198782081626261,0.004487327634330422,-0.31055462820895885,FF,FF,inverse,4,2.3809661790183334,1.8417007619366847,2.8256763026944176,10.505369043221988,164.06282640765977,8154
PV,FF,FF_fraction,243,0.0895343104227999,0.4497347172948001,0.180124750591321,0.0892240132016872,0.0892495204871666,1.0084838844963284,0.005008602706201242,0.004596225209576321,-0.31807910764986014,FF,FF,inverse,4,2.441922513578237,1.7965503136911898,2.811601329380135,12.586763835883211,487.967571936631,8154
PV,FF,FF_fraction,266,0.0893211640299822,0.4530561450208182,0.1784864470013026,0.0890829861581004,0.0890530270992873,0.9987405728113442,0.003852132794001589,0.00433740003667241,-0.30019417414322014,FF,FF,inverse,4,2.317613173036732,1.8184387830104156,2.756409992798195,11.031711730989015,165.70327016966536,8154
PV,FF,FF_fraction,356,0.0900430472698337,0.4553480328465803,0.1866130291201005,0.0897516117380875,0.0897927461670675,1.051362930169782,0.004677035090435676,0.004015979088119943,-0.27797937803694106,FF,FF,inverse,4,2.4241549766906165,1.8181484429995831,2.938901435233466,11.947280610436856,194.62022706583443,8154
PV,FF,FF_fraction,421,0.0895921978449141,0.446322659916617,0.1728505857725723,0.0890228913491602,0.0891278810206256,0.948080487281678,0.009196741924116843,0.007496293546730102,-0.5182558698830331,FF,FF,inverse,4,2.360916147706451,1.841849238889005,2.80715970259118,10.414221648312251,145.8859490929265,8154
PV,FF,FF_fraction,431,0.0877815784530517,0.4578687552340328,0.1802856936795012,0.0875852537659035,0.0875545430334378,1.038294800748087,0.003230220530254467,0.0037361731771583177,-0.2586367477264373,FF,FF,inverse,4,2.4145188001648963,1.8542948487137592,2.9161378248722114,12.03130795490712,161.37465214776032,8154
PV,FF,FF_fraction,482,0.0913699627676277,0.4556804820250362,0.150404878015882,0.0912879177669024,0.0912035151304696,0.7190594855814867,0.0012960396046434747,0.0026305381262298447,-0.1821688792643994,FF,FF,inverse,4,2.4368153438542954,1.8294497021056333,2.98780203017801,13.29198764161562,147.79180652350857,8154
PV,FF,FF_fraction,488,0.0929484493568554,0.4257457132831983,0.1460494142869113,0.0928703845617192,0.0927484782969271,0.6519538702063141,0.0012121882057034565,0.0031071851499438396,-0.2151418999584931,FF,FF,inverse,4,2.4432865358281286,1.8315173875885167,2.958834064915735,12.46003410789303,156.25995198163844,8154
PV,FF,FF_fraction,568,0.0891081970062749,0.4296818120624009,0.1733497959701784,0.0884233240785645,0.0885794023612824,0.960056082951716,0.011131180220734237,0.008586886950711043,-0.5934298557912276,FF,FF,inverse,4,2.3821969546665596,1.839000134923689,2.8725387977915195,11.770646240164757,161.21533973767168,8154
PV,FF,FF_fraction,663,0.0916537686087384,0.4441779474111205,0.1462783568598764,0.0914572818582269,0.0914442986844031,0.6744502184752786,0.0030961601567931966,0.0033009780754409894,-0.2285448023741532,FF,FF,inverse,4,2.669896201646954,1.8045990680267932,2.9036654953848706,12.05683512344525,2378.159671853652,8154
PV,FF,FF_fraction,679,0.0915628308395261,0.4459857132156897,0.1723349502669771,0.0913654362535495,0.0913005674813342,0.9123813436127514,0.0031135734826189185,0.004138239901155288,-0.2864299364570222,FF,FF,inverse,4,2.414787691093318,1.8372801468194304,2.8475086729423453,12.103954631950158,183.86738543677444,8154
PV,FF,FF_fraction,703,0.0893648950386879,0.4450288844550097,0.184191488575463,0.0889843342367667,0.0890334910963909,1.043426278578993,0.006156842024895266,0.005360086314894901,-0.37084354225842553,FF,FF,inverse,4,2.30428626531695,1.828958180379564,2.8334294735551286,11.04500531556443,86.02006911014922,8154
PV,FF,FF_fraction,922,0.0892746200778673,0.449934775562517,0.1978038492994738,0.0888727316903494,0.0889828643812827,1.147748507160132,0.006509256090464762,0.004722549224145652,-0.32680698761878846,FF,FF,inverse,4,2.391428704429233,1.8167901983490264,2.9361705288824407,11.700470336424658,150.96758975734943,8154
PV,FF,FF_fraction,923,0.0932941355572231,0.4311506360712117,0.1493304570913941,0.0931520422360424,0.0931162987633988,0.6786501425553567,0.0021989978225985377,0.0027526821586838957,-0.1906194775932346,FF,FF,inverse,4,2.662588593292972,1.8292482559564736,2.8948011118125025,12.441044049775622,2285.2184562910884,8154
PV,FF,FF_fraction,938,0.0898693864344659,0.4533194683057083,0.2028401826106972,0.0897820744414081,0.089676003791157,1.1744418207802365,0.0014023219037380445,0.0031077633129904833,-0.2151818889404744,FF,FF,inverse,4,2.375469689046606,1.831818132869965,2.8950942456785254,12.200066853766568,146.690372871646,8154
PV,FF,FF_fraction,993,0.0872670931872893,0.4692031612658832,0.2112646831000689,0.087122867711599,0.0870373999373382,1.2755419657858944,0.00238630050623143,0.00380228298770948,-0.26320717416145056,FF,FF,inverse,4,2.5563965153388626,1.8366422299963014,3.005222373664514,14.976779766627457,179.13307630394553,8154
PV,FF,FF_fraction,1024,0.0902085071505486,0.4409632698860204,0.1301265616848709,0.0899445390824499,0.0899648346137647,0.5285800788498641,0.004227801897316444,0.003902301764636255,-0.2701214602490065,FF,FF,inverse,4,2.487193722579736,1.860736939440877,2.850032669139817,13.0268930869091,323.88947649201145,8154
PV,FF,FF_fraction,1025,0.0910158398455962,0.4549048618340542,0.200879162795634,0.0907213363399026,0.0907087780353104,1.1421383708296124,0.004675753503123281,0.004875475625864274,-0.33737183638223867,FF,FF,inverse,4,3.056277881354674,1.8292431542946643,2.9359903408041816,14.432778943135236,2383.2437009895243,8154
PV,FF,FF_fraction,1238,0.0880346113495325,0.4610988078071505,0.1711440065848176,0.0877631410246642,0.0877721757827398,0.9590680256254613,0.0044556792957544476,0.004307169002556867,-0.2981049870836916,FF,FF,inverse,4,2.361080199248301,1.8348496828353105,2.8261333841369587,12.101155542338237,90.8719352298981,8154
PV,FF,FF_fraction,1273,0.0892980675219565,0.439591280565025,0.1716637444641609,0.0888271620236943,0.0889549962951507,0.9428845132533769,0.007628055964091402,0.0055533156975250365,-0.38418661940410326,FF,FF,inverse,4,2.742633893730596,1.8113555951867124,2.908393726749718,12.751058922394748,2629.788990336648,8154
PV,FF,FF_fraction,1321,0.0933594073203462,0.4289647659826711,0.1469806772108456,0.0932071074304763,0.0931731156990378,0.6547591964437393,0.0023554317337598782,0.002881664636563208,-0.19954242068951356,FF,FF,inverse,4,2.5548546679178212,1.844199739769028,3.0321142266429666,12.901199135546754,399.18485172491233,8154
PV,FF,FF_fraction,1346,0.0900095526357555,0.4630836559483506,0.1998076273475751,0.0901035938530581,0.0899046540561359,1.1504616301827086,-0.001506528677280845,0.0016823204853563054,-0.11654160758257648,FF,FF,inverse,4,2.5687465375461684,1.824844495864809,2.907096766419649,14.64739656838134,162.01755630123415,8154
PV,FF,FF_fraction,1503,0.089050001190756,0.4553459291480227,0.1841297538593271,0.0890659291397959,0.088901754457822,1.0480352374907835,-0.00025802490669992394,0.0024037399926679706,-0.166475834869928,FF,FF,inverse,4,2.3196480673668236,1.8602316903812395,2.839399879516567,10.018453894024839,103.67842278642638,8154
PV,FF,FF_fraction,1674,0.0929952608268866,0.4440593908361554,0.147492000350921,0.0929066075688302,0.0928341866031334,0.6654076065394636,0.0013759907477624372,0.002501014185155256,-0.17320691648259334,FF,FF,inverse,4,2.7140401314167657,1.860239831052613,2.96436932901502,11.153627438674038,2315.2856224004213,8154
PV,FF,FF_fraction,1707,0.0896010371228343,0.4358353080855333,0.1709477132964708,0.0895865781177881,0.0894111650312459,0.9319677879695999,0.00023282786473409137,0.003060435259334876,-0.21190836365890808,FF,FF,inverse,4,2.3117850716155584,1.8344829848519688,2.794096087508158,10.43454881476279,155.93908461906747,8154
PV,FF,FF_fraction,1790,0.0912713973215226,0.4391468401242985,0.2089157741100424,0.0910491435991662,0.0910411576262179,1.1946867030668307,0.0035173711121350448,0.0036439162768036114,-0.25225832195122644,FF,FF,inverse,4,2.4590709924931535,1.8155356552082844,2.982974131515826,12.912213725988062,150.19170664894298,8154
PV,FF,FF_fraction,1863,0.0909748459231479,0.4457608307285384,0.1429613854450637,0.0907545135123847,0.0907294042960749,0.6520859129768358,0.0034983079574630285,0.0038975162456608005,-0.2697906488133506,FF,FF,inverse,4,2.356747302004876,1.8582031846715634,2.8310957657579197,11.151776891064578,299.1042877922165,8154
PV,FF,FF_fraction,1982,0.0895933149034651,0.4406210165838925,0.2046749743048262,0.089546623444225,0.0894297943079408,1.1918717209652254,0.0007520549448020009,0.0026355303389899525,-0.18251428212081588,FF,FF,inverse,4,2.7452453542221678,1.7901913051218799,2.8642051572790272,13.958849276015044,2562.5120047598302,8154
PV,FF,FF_fraction,2024,0.0888081929921107,0.4511221666022452,0.1903719608362319,0.0886507042765926,0.0886087591957962,1.100056321681111,0.0025606859055289626,0.0032434586049236917,-0.2245668891520114,FF,FF,inverse,4,2.831686811128375,1.8256190442086493,2.9495283299082486,14.283486942410638,2500.514505492624,8154
PV,FF,FF_fraction,2311,0.0929769797384004,0.4493183883347731,0.1399816809916253,0.0928792072463063,0.092849495162389,0.5902925708205757,0.001517903759677186,0.0019794961353491506,-0.1371141290780753,FF,FF,inverse,4,2.469598912674324,1.8740179523390916,2.9088697557120287,12.343138762503685,233.6076016376073,8154
PV,FF,FF_fraction,2325,0.0921185791776601,0.4329408927072447,0.1357558302461179,0.0920110770087508,0.0919362370336375,0.5594500936357484,0.0016846049333339112,0.0028585418018969065,-0.19794285327712213,FF,FF,inverse,4,2.370965790522479,1.8563655079549628,2.8415130378627387,12.299902477655463,172.83644282745294,8154
PV,FF,FF_fraction,2351,0.0947350623971796,0.4091061702797628,0.1252995142785469,0.0945612110005737,0.094527731481895,0.40341043653486197,0.0026499688953365744,0.0031608473786548267,-0.2188534108051421,FF,FF,inverse,4,2.305213118997749,1.8514971158041287,2.78331967312499,10.17191288826868,222.35554006258965,8154
PV,FF,FF_fraction,2786,0.0894020050418128,0.4574090029018596,0.1635980040920666,0.089315702552535,0.0892335297299388,0.8717760548215708,0.0013933502689965577,0.0027212790481892456,-0.1884469054080018,FF,FF,inverse,4,2.4853453358571764,1.8234874031922226,2.9377331191804728,13.717503392161897,348.5271357788139,8154
PV,FF,FF_fraction,2875,0.0879469976143922,0.461738826361861,0.2053956312987075,0.0876122240251628,0.0876534637021211,1.2236992642163733,0.005502152241298568,0.004823225529457579,-0.33376228891646154,FF,FF,inverse,4,2.7806431400965748,1.8255259026986488,2.932327108359527,13.58340277625799,2514.6987033722785,8154
PV,FF,FF_fraction,2932,0.0927458057586204,0.4337538569711483,0.1502395126572203,0.0926846103047576,0.092558297566195,0.6959103429800341,0.0009522319249695146,0.0029197111862577607,-0.20217430954603266,FF,FF,inverse,4,2.7181025001912853,1.838139279972471,2.949471881502082,12.535168838000317,2203.519202348218,8154
PV,FF,FF_fraction,2977,0.0886062043295892,0.4584000837804661,0.1751838007837945,0.0880069732379895,0.088144975314385,0.9833897484001689,0.009789881519234662,0.007529390464593531,-0.5205380579090813,FF,FF,inverse,4,2.4305383453178693,1.836697350602409,2.8119144085425236,13.115215713696085,157.79335657931836,8154
PV,JSC (mA/cm2),Jsc_mA_cm2,4,3.353589393193091,0.5867788218750843,6.028698047419016,3.326760684126606,3.352525145027855,0.8461404135429361,0.011587971638944651,0.0004579061554645994,-0.03173459957250824,JSC (mA/cm2),JSC,inverse,5,1.2270407228553593,1.1126210428083587,1.4854141199054693,3.1268824023452493,20.66736520637109,8154
PV,JSC (mA/cm2),Jsc_mA_cm2,14,3.3323109477319623,0.5834640633071606,6.194958154435252,3.293839882014169,3.329663460612239,0.8945715082137822,0.016752603677922386,0.0011466620870619075,-0.07944898184022442,JSC (mA/cm2),JSC,inverse,5,1.213552592290921,1.1125986839232933,1.4659730521054732,3.06054459864329,13.991350089094311,8154
PV,JSC (mA/cm2),Jsc_mA_cm2,23,3.186120154220457,0.6062814420699791,5.3751935117737535,3.187495512040931,3.183544092345205,0.7545160194806155,-0.0006226362058030656,0.001166928664120997,-0.08085262797887793,JSC (mA/cm2),JSC,inverse,5,1.2005686712927124,1.0997098440767026,1.461885442365418,2.9484690138152287,17.368190554755945,8154
PV,JSC (mA/cm2),Jsc_mA_cm2,42,3.42729911228832,0.5647595608128195,5.2828339716610895,3.389725936106003,3.42373842816503,0.6242399633829819,0.015903472109584166,0.0014996215563093489,-0.10389184038602783,JSC (mA/cm2),JSC,inverse,5,1.1963358234689745,1.0937318941819956,1.4743525126132901,2.850128384542803,14.030570076063926,8154
PV,JSC (mA/cm2),Jsc_mA_cm2,59,3.4852338714007405,0.5729383608445631,4.142539295649755,3.47693523726076,3.48275205838612,0.24925991351766613,0.0034392741121510957,0.0010276999741653304,-0.07120936804229094,JSC (mA/cm2),JSC,inverse,5,1.2011182533132643,1.1158041886708916,1.470790249713301,2.747196022502042,8.29534607147002,8154
PV,JSC (mA/cm2),Jsc_mA_cm2,66,3.257155311630642,0.6145761645790415,6.285139353702061,3.2603380124125527,3.255823683638464,0.9483322186322836,-0.0014090285241246247,0.0005899399119171368,-0.04088315922250452,JSC (mA/cm2),JSC,inverse,5,1.2419986252871982,1.1176532630561702,1.4761990079930474,2.9185460336219005,29.698956867938406,8154
PV,JSC (mA/cm2),Jsc_mA_cm2,87,3.503604826123077,0.5841726790383801,4.332503876194885,3.507062996815564,3.5027276996783248,0.30636097853405375,-0.0014232841262052478,0.00036122350003462485,-0.025034970788162525,JSC (mA/cm2),JSC,inverse,5,1.2306720154126294,1.1350792087038895,1.5096046672794912,2.899342765757717,10.896091156793227,8154
PV,JSC (mA/cm2),Jsc_mA_cm2,90,3.23391096554676,0.6161201439405501,5.877587363189512,3.221808930153768,3.230644050134261,0.8619441181603816,0.005409022442241697,0.0014581554505793191,-0.10102057376668583,JSC (mA/cm2),JSC,inverse,5,1.2215079572153855,1.1108495254299189,1.4721382127478002,2.852003385122775,22.50372197435142,8154
PV,JSC (mA/cm2),Jsc_mA_cm2,97,3.3997708408906577,0.5691898073123733,5.937862243507846,3.354119167932087,3.3959983312338635,0.8045061178342691,0.01950355873741121,0.001601755855675237,-0.11096364529692426,JSC (mA/cm2),JSC,inverse,5,1.2215937677397324,1.1043465749387298,1.4812656233546315,3.206412222105783,20.221071581817665,8154
PV,JSC (mA/cm2),Jsc_mA_cm2,99,3.533322690148786,0.5646127793084527,4.176274116284852,3.5258244611935647,3.529744912877176,0.24119089533119364,0.0030648636628876655,0.0014615864547073533,-0.10125815232175928,JSC (mA/cm2),JSC,inverse,5,1.2221690488307881,1.1274955530923554,1.4883600522634834,2.8674617169139966,17.93099214611894,8154
PV,JSC (mA/cm2),Jsc_mA_cm2,124,3.401473459023813,0.5827359780844361,5.969091525461299,3.3714027030826337,3.3986069056324824,0.8113515430238842,0.012810869267237963,0.0012163275682965033,-0.08427387206935144,JSC (mA/cm2),JSC,inverse,5,1.225255565098918,1.118066232139602,1.4910967855361434,3.010512567117467,17.561413080685668,8154
PV,JSC (mA/cm2),Jsc_mA_cm2,161,3.444103784148229,0.5771393992408675,6.167206184468246,3.419806108187836,3.4404011208790144,0.8404884625084333,0.010214086019618701,0.001551836922282896,-0.10750730817858933,JSC (mA/cm2),JSC,inverse,5,1.2189549982560197,1.1093561687177234,1.4696090844630512,2.8844373888936934,25.543256895675658,8154
PV,JSC (mA/cm2),Jsc_mA_cm2,178,3.553818553369166,0.5737622403001116,4.179113092613507,3.5453051320450784,3.550992988196302,0.233826776679691,0.0034602233056856987,0.0011475122327072999,-0.07950786261120557,JSC (mA/cm2),JSC,inverse,5,1.2238093995396708,1.1280716132840214,1.5009278446549918,2.986076368056474,12.655367749580275,8154
PV,JSC (mA/cm2),Jsc_mA_cm2,226,3.3941090716947566,0.5802875416830958,5.48081620099198,3.3608005698661483,3.390661893542685,0.6913578272818768,0.014227991916430411,0.001465997092154336,-0.10156356437746039,JSC (mA/cm2),JSC,inverse,5,1.2220900065912734,1.116356811144568,1.4951878343618217,3.0062787834448463,17.99839365729298,8154
PV,JSC (mA/cm2),Jsc_mA_cm2,238,3.3492655022041027,0.6056326860611134,5.427109998870884,3.3457642453854683,3.347346664005854,0.6963394045389193,0.0015089541047764497,0.0008267757964582378,-0.057291313483098794,JSC (mA/cm2),JSC,inverse,5,1.2202601699610724,1.120005339035767,1.5002981797934107,2.928290435984532,15.97633287771998,8154
PV,JSC (mA/cm2),Jsc_mA_cm2,243,3.595319743754429,0.5602779061642885,4.290805685960921,3.607105373826716,3.5970882028535733,0.2551284884287746,-0.004721488931124387,-0.0007094556489856768,0.049187811521256286,JSC (mA/cm2),JSC,inverse,5,1.2189860557805645,1.1263261867564325,1.4818328865782173,2.9707428962756195,13.15461539347874,8154
PV,JSC (mA/cm2),Jsc_mA_cm2,266,3.358905230884824,0.5854671935866931,6.494519447270664,3.34627362545852,3.3512782126912164,0.951231687919647,0.005435671875564699,0.00327963196708509,-0.2270685735184852,JSC (mA/cm2),JSC,inverse,5,1.2141564841512813,1.108166089455457,1.47049567034519,2.9798905347542783,23.988917758997687,8154
PV,JSC (mA/cm2),Jsc_mA_cm2,356,3.5383477348223,0.5744463612166584,4.207298099700221,3.54847348110119,3.5279596225584657,0.24981820364367194,-0.004122687291750695,0.004241787990716525,-0.29358652801703133,JSC (mA/cm2),JSC,inverse,5,1.2143128420849476,1.1229505345641226,1.486667949888833,2.874622035354036,9.78353974970673,8154
PV,JSC (mA/cm2),Jsc_mA_cm2,421,3.33204408695408,0.599646804002216,5.34513589655803,3.330710770832243,3.328513575201768,0.681819138561092,0.0005774093820486993,0.0015294371829646187,-0.10595633371524027,JSC (mA/cm2),JSC,inverse,5,1.2163034180579075,1.1114875858747768,1.493441430486398,2.9204363277723724,21.854757662792508,8154
PV,JSC (mA/cm2),Jsc_mA_cm2,431,3.2742170219032865,0.6157570813138875,6.476220231827756,3.275741960684232,3.272264931540494,0.9840020972880562,-0.0006717665446540781,0.000860392250148193,-0.05962006640775064,JSC (mA/cm2),JSC,inverse,5,1.2365219424270246,1.1248460351918363,1.4921794903610466,3.2768179504975685,19.290626149910565,8154
PV,JSC (mA/cm2),Jsc_mA_cm2,482,3.358222690785333,0.6016958979267726,6.865350155141665,3.324776024324956,3.3549817752797657,1.0316354027996746,0.014440745771034273,0.001392972049250082,-0.09650686699426148,JSC (mA/cm2),JSC,inverse,5,1.2259598587071614,1.1099646048105543,1.4883897916762965,3.1469276930629304,26.303181133299585,8154
PV,JSC (mA/cm2),Jsc_mA_cm2,488,3.4891407104335483,0.5827167191025664,4.20707662567883,3.493231531788881,3.4880683114462587,0.26994631503971245,-0.00169048803273051,0.0004434852698690589,-0.030735332171694107,JSC (mA/cm2),JSC,inverse,5,1.232240321845421,1.1323550321921358,1.5129875084637399,3.00213269277098,14.52814475061153,8154
PV,JSC (mA/cm2),Jsc_mA_cm2,568,3.178833507911312,0.6251628591275771,6.396441516739002,3.181247658700124,3.1775162945276136,1.008772067821969,-0.0010952324182693317,0.0005979335004275238,-0.041437004499300656,JSC (mA/cm2),JSC,inverse,5,1.2200356508993817,1.1187820779614075,1.4944733306089724,2.9019011538889425,21.23953243889289,8154
PV,JSC (mA/cm2),Jsc_mA_cm2,663,3.602517792923463,0.5587322473272007,4.257217192611798,3.5948577465905944,3.5999922735653533,0.24090513877915654,0.0030708735341843057,0.0010117457301150772,-0.07010428548251957,JSC (mA/cm2),JSC,inverse,5,1.2097793723899648,1.1187478638708264,1.4841797672493693,2.9239075964019006,17.02795143378179,8154
PV,JSC (mA/cm2),Jsc_mA_cm2,679,3.3213347473321844,0.5955832885611541,5.552862371169527,3.330518310791602,3.3216026479887684,0.7414685038215453,-0.003983578639723375,-0.00011636386914813006,0.008066054070554607,JSC (mA/cm2),JSC,inverse,5,1.2008128324965748,1.0959848110294796,1.452696735550711,2.978428550675862,19.445915316630167,8154
PV,JSC (mA/cm2),Jsc_mA_cm2,703,3.313787238057027,0.6061114559519961,6.391568175968965,3.30958839945248,3.309385803524959,0.9476889636991649,0.0018291713395977873,0.0019174883902668381,-0.1328218807025383,JSC (mA/cm2),JSC,inverse,5,1.2112714931147812,1.1108551310363965,1.4914364780593783,2.8972854841796782,15.11241988890869,8154
PV,JSC (mA/cm2),Jsc_mA_cm2,922,3.5279940763926128,0.5654818490114504,4.275752975110787,3.522920314026937,3.523880190429744,0.27733036746439577,0.002076296111888935,0.001683264144009133,-0.11660694076547351,JSC (mA/cm2),JSC,inverse,5,1.2114482110155793,1.126368428233127,1.4869058134364674,2.6597819962007794,17.344750207280057,8154
PV,JSC (mA/cm2),Jsc_mA_cm2,923,3.5816819089426177,0.5643895276565496,4.244943543138689,3.5806799188268585,3.581229156279979,0.2451081498572505,0.00040365628411875225,0.00018237948679243227,-0.012640783691819646,JSC (mA/cm2),JSC,inverse,5,1.2147800019209782,1.1216203477865305,1.5074685681468887,2.9497271913848846,6.676056928703506,8154
PV,JSC (mA/cm2),Jsc_mA_cm2,938,3.289975599851079,0.6213613582083202,6.40303156423019,3.3009814207587724,3.288253939058474,0.9606782376228734,-0.004818134286928024,0.0007551671858226281,-0.05233050338375733,JSC (mA/cm2),JSC,inverse,5,1.2282181854133198,1.1202263101790755,1.4892989087341477,2.9766621668998843,23.10413226429738,8154
PV,JSC (mA/cm2),Jsc_mA_cm2,993,3.316675688277983,0.6060067551980791,6.212546621479139,3.281207341125125,3.3119773962078947,0.905446824105271,0.015511187826656175,0.002045122506440862,-0.14165666202136107,JSC (mA/cm2),JSC,inverse,5,1.2430806728079493,1.125743008512388,1.5074846117315337,3.250709784290294,21.63597853133998,8154
PV,JSC (mA/cm2),Jsc_mA_cm2,1024,3.2533384523262048,0.6122687611205874,5.155589977771315,3.254215347837244,3.249830086749705,0.6642166141512443,-0.00038880748485847587,0.0015566264596926708,-0.10783893615468054,JSC (mA/cm2),JSC,inverse,5,1.219653417938179,1.1186613205242943,1.4951508488078251,2.972486213745822,15.656714288961808,8154
PV,JSC (mA/cm2),Jsc_mA_cm2,1025,3.554485149427685,0.5752419285589495,4.290242087561896,3.5471677079204533,3.5494080077562664,0.2714184503326236,0.002973065713738276,0.002062184268914169,-0.14283761101762105,JSC (mA/cm2),JSC,inverse,5,1.2249050064853617,1.1276399924900722,1.4770296789595714,3.01117562629961,12.501595418698251,8154
PV,JSC (mA/cm2),Jsc_mA_cm2,1238,3.303552940299247,0.6144642706475535,6.110786371487443,3.2965779167763483,3.2966157162355483,0.88733958190344,0.0030492836613792112,0.003032741422406077,-0.20999282254791085,JSC (mA/cm2),JSC,inverse,5,1.227035257176607,1.1235411593438158,1.5037725291662478,2.9786355210585747,12.923555074851576,8154
PV,JSC (mA/cm2),Jsc_mA_cm2,1273,3.383536003329311,0.5792527003903521,5.100455220708354,3.35253325933604,3.3823933209794377,0.5920942748268078,0.013280095288112533,0.0004873069451743265,-0.03377183954149654,JSC (mA/cm2),JSC,inverse,5,1.201943276540268,1.1052493958579943,1.465889250889142,2.9551510303208692,14.17780233993003,8154
PV,JSC (mA/cm2),Jsc_mA_cm2,1321,3.439139488165341,0.5818126399051975,5.045466251786044,3.4002081889251907,3.401530634738972,0.5529399636478158,0.0164245485500008,0.015863549049464507,-1.093554174112077,JSC (mA/cm2),JSC,inverse,5,1.217955312337455,1.110215908631087,1.492846138877253,3.110020463058484,17.827682814993302,8154
PV,JSC (mA/cm2),Jsc_mA_cm2,1346,3.4981598526700504,0.5805779233881042,4.06415722654069,3.4876841642596474,3.4952109317186184,0.2163599990159276,0.004326817206692896,0.0012166933560159839,-0.08429920517157852,JSC (mA/cm2),JSC,inverse,5,1.2264248192791931,1.1306485804136663,1.4855652076874364,2.874531718361999,28.47453295552156,8154
PV,JSC (mA/cm2),Jsc_mA_cm2,1503,3.21254235039962,0.6241971399660697,6.260804743101708,3.221963347339456,3.215271086975129,0.9626326350828539,-0.004224608980368962,-0.001224906416535951,0.0849400965926339,JSC (mA/cm2),JSC,inverse,5,1.2145042239132715,1.1145244609854088,1.4802740566606896,3.0770585330402604,10.643709915708552,8154
PV,JSC (mA/cm2),Jsc_mA_cm2,1674,3.33084551575322,0.5955345762612472,5.664270733846809,3.297284918975597,3.2924246906163384,0.766001779704888,0.014609887597921627,0.01673800220033413,-1.1534856526719928,JSC (mA/cm2),JSC,inverse,5,1.2086491767362704,1.1063330082111273,1.4769728755394984,2.8791857742603844,14.971008481773907,8154
PV,JSC (mA/cm2),Jsc_mA_cm2,1707,3.300449886924682,0.6052571972020627,5.555585531794167,3.303804820072573,3.29903268045622,0.7512762799209542,-0.0014657659481838322,0.0006196233582013728,-0.04293979660400238,JSC (mA/cm2),JSC,inverse,5,1.2091935775871447,1.1102520510231104,1.4780157439436534,2.943872928773769,10.602554723985746,8154
PV,JSC (mA/cm2),Jsc_mA_cm2,1790,3.5098891882732417,0.5866318840388329,4.263242757592848,3.541818867981277,3.508804259168221,0.2805257240834811,-0.013064949659913425,0.00044601516328263873,-0.030910636969549987,JSC (mA/cm2),JSC,inverse,5,1.227474259754534,1.1254612536215371,1.508671922485117,3.0671084804618007,12.098148675549467,8154
PV,JSC (mA/cm2),Jsc_mA_cm2,1863,3.317546493596588,0.5998134654655776,6.925652307974,3.317247183970012,3.3141219073065296,1.061833276686504,0.000130166071540329,0.0014900124066096337,-0.10322647464530155,JSC (mA/cm2),JSC,inverse,5,1.2191509377403513,1.1135403976949827,1.489578681654956,2.8829389244873056,24.26338122780249,8154
PV,JSC (mA/cm2),Jsc_mA_cm2,1982,3.5272684458789203,0.5858575613683612,4.331328536609996,3.530623879264109,3.524374390252184,0.29625822923139683,-0.001371760079793539,0.0011841892824678893,-0.08204806838895129,JSC (mA/cm2),JSC,inverse,5,1.223131573630684,1.1304329063021528,1.5120117370139052,2.812938174234484,13.03055345198651,8154
PV,JSC (mA/cm2),Jsc_mA_cm2,2024,3.54574939619743,0.5669718378402386,4.158277190472917,3.574632910097806,3.5484677325870413,0.22989535722709803,-0.011704520638196849,-0.0011056133607140653,0.07666465070901296,JSC (mA/cm2),JSC,inverse,5,1.234290316859724,1.1350112689739782,1.523305666959094,3.018753827586889,8.262071376832461,8154
PV,JSC (mA/cm2),Jsc_mA_cm2,2311,3.2549056961174805,0.618893706728271,6.096131564916548,3.259178692214495,3.252617594713915,0.9052782939721105,-0.0018927084132129644,0.0010145281196794775,-0.07029701064135141,JSC (mA/cm2),JSC,inverse,5,1.2115691452328563,1.1065855619054692,1.470521348960163,2.930326512146286,19.20176707091668,8154
PV,JSC (mA/cm2),Jsc_mA_cm2,2325,3.265297433480561,0.6113342792152776,5.372866660552524,3.2559583666837737,3.259399814521029,0.7184776230932934,0.004132159503637412,0.0026080805345482347,-0.1806150612517321,JSC (mA/cm2),JSC,inverse,5,1.2226091778554975,1.1169158389790805,1.477318348394633,2.9174334692025967,16.476400894770286,8154
PV,JSC (mA/cm2),Jsc_mA_cm2,2351,3.3425642850216506,0.5862960246991065,5.421880230100244,3.335319815499326,3.3367149482525487,0.6978379373910097,0.00313020238042885,0.002526862858061562,-0.17499549059724062,JSC (mA/cm2),JSC,inverse,5,1.2090077959465744,1.102192261925819,1.4537089338935978,3.160726332013218,24.15339845429018,8154
PV,JSC (mA/cm2),Jsc_mA_cm2,2786,3.4376560166901413,0.5905836812375805,4.208895163223417,3.425023270425062,3.434675591524793,0.2920163837570149,0.005311401046845834,0.0012513496497240037,-0.08669934254265099,JSC (mA/cm2),JSC,inverse,5,1.2293420729926876,1.1310009057988546,1.505210391965581,2.9661089796220548,12.00739586429777,8154
PV,JSC (mA/cm2),Jsc_mA_cm2,2875,3.302463913772145,0.6002313518038142,6.119582011458253,3.263476815008287,3.2957923233664603,0.8898903180996526,0.017133007260986436,0.0029174598037039388,-0.20201857097854603,JSC (mA/cm2),JSC,inverse,5,1.2136843074393926,1.1089694615840868,1.4785200587666,3.006070082259148,13.86304343130435,8154
PV,JSC (mA/cm2),Jsc_mA_cm2,2932,3.3696169715652355,0.5876060174512807,6.947511315952408,3.3298509900778828,3.366037170841603,1.0439116714197918,0.017126989305584515,0.0015334995320207595,-0.10623761554624522,JSC (mA/cm2),JSC,inverse,5,1.21202014324371,1.1060722110224859,1.4949346966974337,2.949963617183694,19.80732576508124,8154
PV,JSC (mA/cm2),Jsc_mA_cm2,2977,3.301785980257764,0.6052349251817675,5.719375303796511,3.2929192973467267,3.2942952600697457,0.7926109692155707,0.0038794537843609795,0.0032767423929173658,-0.22686873809529828,JSC (mA/cm2),JSC,inverse,5,1.2202871508757922,1.1170666542578682,1.4866995785868484,3.1178586686410803,17.725033398329003,8154
PV,PCE_percent,PCE_percent,4,3.110107724486225,0.6340767276956686,3.2848922268269845,3.12514555335367,3.0888940714840363,0.0788814866151235,-0.006958833019045231,0.009874154730970601,-0.682087402798659,PCE_percent,PCE,forward,6,0.6106457870078443,0.6318276963777162,0.7706004899818301,0.8454221000195483,1.9458270063959584,8154
PV,PCE_percent,PCE_percent,14,3.042947020859926,0.6482607149255712,3.2539904478035058,3.0637216418906417,3.0225076128384227,0.09674079986632114,-0.009816009355115625,0.009723242853242726,-0.6716977943220015,PCE_percent,PCE,forward,6,0.61019559713485,0.6308185294887066,0.7716154644407076,0.8444888249783156,1.8798174509808945,8154
PV,PCE_percent,PCE_percent,23,3.0743875036519244,0.6382449518065831,3.170627935081717,3.059068822511225,3.046344134380356,0.044469573417522154,0.007206452640024689,0.013220090431126446,-0.9121611780641414,PCE_percent,PCE,forward,6,0.6147989312099343,0.6372110955732544,0.7763144291209105,0.8443020757667781,0.9523414668873874,8154
PV,PCE_percent,PCE_percent,42,3.147985455557441,0.6295123526108943,3.3432275329713628,3.1693521922408143,3.1578945487292622,0.0868126697935532,-0.009759111928559352,-0.00453412095883031,0.31477569740125944,PCE_percent,PCE,forward,6,0.6018730586243171,0.6209778058001073,0.7626779101649674,0.8295248835837798,2.010984760190004,8154
PV,PCE_percent,PCE_percent,59,3.058281850561726,0.6450724518794939,3.230885294641498,3.058953440257465,3.0399241740056766,0.07920816057717907,-0.00031677680565984277,0.008686032851514378,-0.6002611091151522,PCE_percent,PCE,forward,6,0.5995475754841126,0.6173167459611268,0.7582871840029838,0.8190963180579587,1.436491970855885,8154
PV,PCE_percent,PCE_percent,66,3.051455920680439,0.6490767887684447,3.155536336007141,3.034175172920324,3.0213107815089093,0.04838748578189945,0.008193370817816827,0.014323158502417907,-0.9878936466762855,PCE_percent,PCE,forward,6,0.6165268311336406,0.6363763329503631,0.7790079097446835,0.8473175622140471,1.3317206269159294,8154
PV,PCE_percent,PCE_percent,87,3.0499256368989625,0.6504066448621386,3.2230124004646177,3.0567602076942872,3.0377765552267952,0.07963567174170502,-0.00322931480705052,0.005758311624202036,-0.3983402586995477,PCE_percent,PCE,forward,6,0.6056451210113505,0.6274973366504486,0.7682300329585163,0.8371596395675132,1.2974184188630895,8154
PV,PCE_percent,PCE_percent,90,3.0797089353494647,0.6433805972565159,3.212011874622159,3.0603109800312227,3.049880947398992,0.06068321880718385,0.00911574471552055,0.01404107967999599,-0.9685326950252149,PCE_percent,PCE,forward,6,0.6168398847492665,0.6402421453982067,0.7782830807523861,0.8519253835200432,1.3364317210228518,8154
PV,PCE_percent,PCE_percent,97,3.090331284308936,0.6393563619176372,3.290999809802549,3.120478342985965,3.078094487269368,0.09076443938474828,-0.014005695310266101,0.005723985411354275,-0.39597039649761356,PCE_percent,PCE,forward,6,0.6084749825343098,0.6304606408074118,0.7696097911391068,0.8368979160198503,2.065360696333637,8154
PV,PCE_percent,PCE_percent,99,3.0881093678896607,0.6388904408440632,3.244348433436948,3.0681589057070258,3.058893126241632,0.07120492133920144,0.009350643062727449,0.013714145838782468,-0.9460883073579174,PCE_percent,PCE,forward,6,0.6061105143787305,0.6297452677314163,0.7670038495900104,0.8350341558830334,1.308817197005109,8154
PV,PCE_percent,PCE_percent,124,3.100886696411173,0.6430496833433199,3.262202617066845,3.1119164168798648,3.071210331199467,0.07316557921215491,-0.005122499280903941,0.013873493778257162,-0.9570283637274524,PCE_percent,PCE,forward,6,0.6117945260045126,0.6339308077336612,0.774151658200867,0.8406513977831223,1.9149278395955007,8154
PV,PCE_percent,PCE_percent,161,3.0934383530107383,0.6432247516288567,3.219326024186073,3.090962995642674,3.0569718179654326,0.05754740353473327,0.0011549011096511198,0.017108031598677128,-1.1788350335093623,PCE_percent,PCE,forward,6,0.6031456869597588,0.6234645093134008,0.7633663906818441,0.830202618839656,1.81096456771126,8154
PV,PCE_percent,PCE_percent,178,3.066671346339166,0.6513321440481492,3.204821831665752,3.057874302880619,3.0426306653756203,0.06357059215333745,0.0041444575408720995,0.011354341351761669,-0.7839340525434668,PCE_percent,PCE,forward,6,0.6013257260640417,0.6223686973544339,0.7614825714618826,0.8314670480124358,1.2788011694392942,8154
PV,PCE_percent,PCE_percent,226,3.0797753031254285,0.6472491472221124,3.2801058801018788,3.1063495601550235,3.067136226830965,0.09091728765233469,-0.012395089175205851,0.005932852067193518,-0.4103895593174256,PCE_percent,PCE,forward,6,0.6165607634016966,0.6386942195826646,0.7820135262878355,0.8542616734728453,2.056980534479888,8154
PV,PCE_percent,PCE_percent,238,3.1022011685018875,0.6464856745199242,3.203913615182043,3.084015396836892,3.072333997970749,0.046543006040493135,0.0084822760075098,0.013957181786645095,-0.9627734923961073,PCE_percent,PCE,forward,6,0.6148940000485776,0.6363247927222667,0.7755786327277059,0.845313943121574,1.1171353399774202,8154
PV,PCE_percent,PCE_percent,243,3.07982395929541,0.645611441077252,3.169667037106669,3.047369278819593,3.0402521302672274,0.041483408267206257,0.015283554035571733,0.01865691742660519,-1.2848730820717358,PCE_percent,PCE,forward,6,0.5993281892769583,0.6200208463801011,0.7579278868421958,0.8299059685638405,1.2519829949011458,8154
PV,PCE_percent,PCE_percent,266,3.075519976158287,0.6473074001904153,3.2083567490646434,3.064611770972996,3.0469455913474053,0.061004222730898554,0.005126023587130183,0.013466608224870984,-0.929091179130459,PCE_percent,PCE,forward,6,0.6126733242993128,0.6331206030522861,0.7717460829486065,0.8420974361710982,1.441166239907119,8154
PV,PCE_percent,PCE_percent,356,3.0645741956001538,0.6501579843471035,3.189831474372211,3.0485283345333665,3.0378216774860705,0.05779357140952516,0.0075736787459796135,0.012649448929846561,-0.8729603659944685,PCE_percent,PCE,forward,6,0.5983896447983917,0.6215620532832418,0.7587020564853058,0.8274286236252364,1.0142622846308502,8154
PV,PCE_percent,PCE_percent,421,3.126013202521301,0.6405096869251694,3.22327020391392,3.101603807105324,3.0919394599076733,0.04420126184396559,0.011309460424485674,0.015811799873939165,-1.090006356535711,PCE_percent,PCE,forward,6,0.6206224178679656,0.6450323420807734,0.7813383997343541,0.8555156086413351,1.3339674757432698,8154
PV,PCE_percent,PCE_percent,431,3.0878265390356323,0.6446615889170138,3.2365673241200987,3.075260293791935,3.061280951821788,0.06787280340167115,0.005883183317255497,0.012456254829468993,-0.8596851823851059,PCE_percent,PCE,forward,6,0.6168508981518213,0.6395658920259978,0.7799779557881606,0.8512554903142723,1.3215826941405202,8154
PV,PCE_percent,PCE_percent,482,3.0655118732272904,0.6551549044238252,3.242070276715476,3.069436746785281,3.0293270862787023,0.08078737131354892,-0.001845947453341559,0.017130633440540447,-1.1803831935739195,PCE_percent,PCE,forward,6,0.612524014866367,0.6355723506512493,0.7746345277659551,0.8439695843738665,1.979284299601704,8154
PV,PCE_percent,PCE_percent,488,3.028839264546253,0.6528694778801015,3.1560788605792145,3.0174383340567275,3.005021421617012,0.05936823551427062,0.005440731129006723,0.01138974336319057,-0.7863686663085123,PCE_percent,PCE,forward,6,0.6027587093224541,0.6245806595013705,0.7643598366427418,0.8328578207700695,0.9293224988802152,8154
PV,PCE_percent,PCE_percent,568,3.03744482693605,0.647922676063494,3.1718755606846543,3.030958550058801,3.016469853128445,0.06247796879828929,0.0030840807596057545,0.009997039396352745,-0.6905466601927701,PCE_percent,PCE,forward,6,0.6144049587994895,0.6344593116487025,0.7778049662266164,0.8502545275820819,1.1011367028654049,8154
PV,PCE_percent,PCE_percent,663,3.104719897166969,0.6428271778417882,3.256474836614701,3.0865527766293583,3.0763910249791806,0.0688479620533185,0.008466656634699619,0.013224227844190495,-0.9124453453478454,PCE_percent,PCE,forward,6,0.598824289450742,0.6201768133680724,0.7584655137293063,0.8295860049993213,1.2633674182235963,8154
PV,PCE_percent,PCE_percent,679,3.1281783322541616,0.6346937016738399,3.217681974695681,3.105570052146342,3.0985800493747044,0.04069898114543068,0.010464649707177445,0.013715520958327062,-0.946182721562705,PCE_percent,PCE,forward,6,0.609752497721837,0.6294767427876523,0.7678819013764966,0.8418492510538277,1.0649426714212094,8154
PV,PCE_percent,PCE_percent,703,3.132940469661317,0.6374598229844939,3.263796416613177,3.1186105975264584,3.106913981864244,0.059033713501550567,0.0066139335507205375,0.012035057201094143,-0.8307367487224049,PCE_percent,PCE,forward,6,0.6151336723447919,0.6376379869642841,0.776828932989385,0.8472764811081804,1.014974959084937,8154
PV,PCE_percent,PCE_percent,922,3.067063919715309,0.6420552041933265,3.213368117063827,3.0562698341483343,3.041024196809956,0.06722802888050106,0.005086310978438029,0.01230093802732934,-0.8490114189654729,PCE_percent,PCE,forward,6,0.6037005688836283,0.6244157994107096,0.7653029776101785,0.8372142823473223,1.0171888974996808,8154
PV,PCE_percent,PCE_percent,923,3.0984327753051653,0.6387526481240549,3.2278256533508203,3.084714042998462,3.070738021034927,0.05902398806678527,0.006401911558912279,0.012953232897126276,-0.8938310519746695,PCE_percent,PCE,forward,6,0.5966069155588993,0.620012773221619,0.7552013399787074,0.8237923871852151,1.3644851432114002,8154
PV,PCE_percent,PCE_percent,938,3.0793079337863007,0.6515111491911878,3.1975367070259044,3.044196932510755,3.04041443297262,0.054354775524109195,0.016544454083937395,0.018338157477958094,-1.2630598059693687,PCE_percent,PCE,forward,6,0.6135684928362112,0.6336319435015032,0.7789000480375804,0.8487373065663817,1.0302089608501095,8154
PV,PCE_percent,PCE_percent,993,3.061603701753725,0.6511618096565028,3.2538426701580963,3.05820251064133,3.02522189184786,0.08785694502006942,0.001603607005149319,0.017246586418479017,-1.1883252520574428,PCE_percent,PCE,forward,6,0.6164499208870003,0.6394336817853963,0.7796619906033859,0.85253086763941,1.8774101382265744,8154
PV,PCE_percent,PCE_percent,1024,3.080284114387397,0.6433622043226659,3.197577496390692,3.0797092642960133,3.064069835206272,0.05391589855666327,0.0002692643733585218,0.0076142470494282395,-0.5263890790265568,PCE_percent,PCE,forward,6,0.6149274653134071,0.6365185132471982,0.7791775932617186,0.8471838446866964,1.2493628436054036,8154
PV,PCE_percent,PCE_percent,1025,3.124359367045185,0.6451587509064212,3.2135571525193023,3.094150720565425,3.0862462005982327,0.04061072736765657,0.014016929034661505,0.017707247996597158,-1.219871403045325,PCE_percent,PCE,forward,6,0.6018019837208894,0.6231706432168214,0.7618333632844251,0.833508813400258,1.1152473976112285,8154
PV,PCE_percent,PCE_percent,1238,3.053170906715012,0.6575346394017354,3.194000522529685,3.0577699855120257,3.036912052284788,0.06505619952377437,-0.002171537752641919,0.007703219986850784,-0.5325235608155787,PCE_percent,PCE,forward,6,0.6201436161440075,0.6424349725578462,0.7842812001161783,0.8582009795421242,1.5075703055637748,8154
PV,PCE_percent,PCE_percent,1273,3.116999456074931,0.6384510736060854,3.257827935633713,3.115506640487608,3.088468199338498,0.06375250576085996,0.0006911112970001869,0.013266427266864592,-0.9153436546428195,PCE_percent,PCE,forward,6,0.6151191673841986,0.6404232643080069,0.7759488176867955,0.8444535995628552,2.125098418367695,8154
PV,PCE_percent,PCE_percent,1321,3.138215706298779,0.6373727493541582,3.266978827411494,3.133218667534195,3.098094627251057,0.058012585172431984,0.0022990608338456864,0.018563309802146,-1.278467855705212,PCE_percent,PCE,forward,6,0.6132485076073163,0.6372801672769551,0.7752024130777682,0.8448325171926041,1.9518156685463088,8154
PV,PCE_percent,PCE_percent,1346,3.039239862427266,0.6538166443158993,3.179439113019396,3.022970607404573,3.0125675402700898,0.06506174164610724,0.0077435879230158275,0.012716953300129431,-0.8775984576575802,PCE_percent,PCE,forward,6,0.5996649838509357,0.6205858622868359,0.7584075272309773,0.8294814035891784,1.2047291832149982,8154
PV,PCE_percent,PCE_percent,1503,3.058918627496602,0.648398423000679,3.161384138873216,3.0440664437307525,3.0343055033518054,0.0475346181172842,0.007021879921174525,0.011655381295037707,-0.8046348119086777,PCE_percent,PCE,forward,6,0.6242921185824819,0.6459707629919584,0.7847119073414177,0.8565875984666512,1.0191213217877817,8154
PV,PCE_percent,PCE_percent,1674,3.0910907560184424,0.6450038022070115,3.245594083631316,3.100701728893349,3.0924918607575345,0.07036656469317167,-0.004478739904278007,-0.0006537850365135933,0.045327195145072885,PCE_percent,PCE,forward,6,0.611957569621803,0.6326442522227198,0.7750712239634067,0.8452924097564378,1.9905880864700016,8154
PV,PCE_percent,PCE_percent,1707,3.093730671041801,0.6422029391339654,3.2395278898862983,3.0903698925551284,3.07431123796202,0.06643597191079863,0.0015680789417048663,0.00908437808449683,-0.6277027687494718,PCE_percent,PCE,forward,6,0.6184018975433294,0.6397744400180404,0.7801816859380813,0.8566566906976786,1.3857202671692486,8154
PV,PCE_percent,PCE_percent,1790,3.086310551348108,0.648667985045147,3.2282367824919938,3.058636318613079,3.0535729866153383,0.0648631639433818,0.012994660198320252,0.015384907413260061,-1.0607346275788743,PCE_percent,PCE,forward,6,0.603445590612554,0.6279667965303422,0.7670298788685067,0.8354547514958338,0.9001780267877009,8154
PV,PCE_percent,PCE_percent,1863,3.0778096228127474,0.6459160279010903,3.2030378403734754,3.06530131066548,3.051976987497424,0.0575368452054517,0.005875103034558169,0.01215991285382823,-0.8393188169876331,PCE_percent,PCE,forward,6,0.61446882105884,0.6364795479455103,0.7749552333608817,0.8473810287701012,1.176026333668921,8154
PV,PCE_percent,PCE_percent,1982,3.0513892296109737,0.645784056729365,3.19970991780348,3.031967660412805,3.022562386356472,0.06847489870201869,0.00921185367612331,0.013694101860225917,-0.9447120994845015,PCE_percent,PCE,forward,6,0.596101654707645,0.6184291958285304,0.753610083959174,0.8243851206833668,1.0640494923567645,8154
PV,PCE_percent,PCE_percent,2024,3.045139683727528,0.6496363899536695,3.163826494907454,3.0140916756734137,3.007874128761952,0.0551620766245497,0.014785109406972873,0.017764212103449886,-1.223771611027047,PCE_percent,PCE,forward,6,0.6034884676727942,0.6255072052053499,0.7662082652790793,0.8379619892538432,1.29527482013214,8154
PV,PCE_percent,PCE_percent,2311,3.0899042186793406,0.6456972407353048,3.1970904820406787,3.070359145965172,3.0606050377087146,0.049197456999789856,0.009154697592115986,0.01374523671818679,-0.9482229511680096,PCE_percent,PCE,forward,6,0.6100736281970673,0.6337481168405416,0.7695562975006663,0.8409940401909152,0.9438361632853238,8154
PV,PCE_percent,PCE_percent,2325,3.069278305354444,0.647704462833569,3.196975239817347,3.050020342170189,3.041737366341503,0.05880810324078581,0.009080602633741709,0.013003876042790118,-0.897309929988932,PCE_percent,PCE,forward,6,0.6154744576630582,0.6347729731900931,0.7771943904962798,0.8496949383904401,1.1816243047982231,8154
PV,PCE_percent,PCE_percent,2351,3.106418831419455,0.6368432631881091,3.2734757562655545,3.1204332595378634,3.093846909649192,0.07557093605598832,-0.006493997220560934,0.00585054731725309,-0.4047078791535208,PCE_percent,PCE,forward,6,0.6106317530778478,0.6305718000469993,0.7690389153115366,0.8396945766595739,1.4562588576244706,8154
PV,PCE_percent,PCE_percent,2786,3.018598140507711,0.6571432394826708,3.163874003738804,2.9948221191565594,2.987459218516827,0.06781344117397506,0.011408391683378932,0.014959687586610445,-1.0315689780967863,PCE_percent,PCE,forward,6,0.6034986791808056,0.6246037760291772,0.7658244673157313,0.8349955863780548,0.9866113730825916,8154
PV,PCE_percent,PCE_percent,2875,3.027507798760816,0.650581492187572,3.2198565933271253,3.036423970874274,3.007725396020564,0.08886575844590443,-0.004242569689266125,0.009457820641516304,-0.6534220241595778,PCE_percent,PCE,forward,6,0.6143538236460308,0.6393359901159517,0.7770966718631664,0.8506881240958045,2.101347475175088,8154
PV,PCE_percent,PCE_percent,2932,3.102387742102469,0.640865308968809,3.315885537780624,3.1244547464199384,3.081931697513109,0.09601519848411633,-0.010225436416758334,0.00954411944738963,-0.6593645375705726,PCE_percent,PCE,forward,6,0.6082395126125649,0.6328585338741539,0.767632705906966,0.8386166767203682,1.968440231169592,8154
PV,PCE_percent,PCE_percent,2977,3.0557863012364823,0.6516999188363808,3.197630124174919,3.047210358484831,3.0325963814981205,0.06545941361385899,0.004054558411919042,0.01099015805617474,-0.7588855192190103,PCE_percent,PCE,forward,6,0.6165118064488869,0.6375542145799188,0.7787506876628995,0.8490183470721643,1.324233370751382,8154
PV,VOC (V),Voc_V,4,0.1086929478148124,0.6280826363134209,0.2655780222768261,0.108729567295731,0.1086731999220714,1.2888774235382565,-0.00048597307407535783,0.0002621400553898427,-0.01816851335620928,VOC (V),VOC,inverse,7,2.8564884529680628,1.8402231772883249,2.9178730292908583,10.812075995557954,3398.340593731964,8154
PV,VOC (V),Voc_V,14,0.117403153035438,0.5825144634826895,0.1784405881354761,0.1173417343519695,0.1173483393460061,0.6039726536379443,0.0007549338608903778,0.0006737289595151333,-0.046688430433683425,VOC (V),VOC,inverse,7,2.626412156254306,1.8645627544009,2.9366995182658866,9.667396914856603,964.8738629780396,8154
PV,VOC (V),Voc_V,23,0.1054338430722152,0.6555051952317779,0.2088939116156443,0.1055456865960167,0.1054215388928419,0.9864324143680152,-0.0015295902167626288,0.00016837301868966563,-0.011670047315714971,VOC (V),VOC,inverse,7,2.340899720785027,1.8546752249709064,2.8567217129429525,9.30527291432511,163.3301428362239,8154
PV,VOC (V),Voc_V,42,0.1158737078337951,0.5821854966558764,0.1774172744743265,0.1159230299884484,0.1158467615030031,0.6145932357236719,-0.0006139588474515104,0.00033553650301391247,-0.023254913729564564,VOC (V),VOC,inverse,7,3.1805946081874037,1.8182876774583034,2.8432339351784757,11.241360087318789,3306.156623151797,8154
PV,VOC (V),Voc_V,59,0.1124891079210705,0.59773691052508,0.2609124012078405,0.1124797259623383,0.112426964224758,1.2137802021692599,0.00012033049299314923,0.0007972254176291798,-0.05524418982513213,VOC (V),VOC,inverse,7,2.3916554337355738,1.812357683523501,2.8254135241488214,10.789611938182384,184.50064293790064,8154
PV,VOC (V),Voc_V,66,0.111954890389423,0.6132557779073402,0.2333885896447022,0.1120856062882701,0.1119262977413805,1.0598164804270926,-0.0016834742220909781,0.00036850324143323284,-0.025539436413213323,VOC (V),VOC,inverse,7,2.3843224390874087,1.8684411431989851,2.8376348395618587,10.75951288994072,160.68784358467855,8154
PV,VOC (V),Voc_V,87,0.1079096370984289,0.6403657199713481,0.2833605502757677,0.1079842659407085,0.1078881864150865,1.3928152053536151,-0.0009974034786235555,0.00028681285176873004,-0.019878375944160087,VOC (V),VOC,inverse,7,2.9614201383987027,1.8429692203256465,2.908063868312954,12.211399964697826,2101.8965035520387,8154
PV,VOC (V),Voc_V,90,0.1073248247319128,0.6370054644161671,0.2490659039021172,0.1073970069186986,0.1072997468011299,1.2145437193010655,-0.0009699701799173198,0.00033714505550288,-0.023366384101286553,VOC (V),VOC,inverse,7,2.5945187583016263,1.8300828478040945,2.9341876635316195,10.9164779042694,538.7764058721629,8154
PV,VOC (V),Voc_V,97,0.1152124748825477,0.5987260718070926,0.176857249098334,0.1152707061291085,0.115156704389339,0.6182884178370669,-0.0007289896994375141,0.000698529341523098,-0.04840664456305932,VOC (V),VOC,inverse,7,2.2918397586517316,1.836276206478544,2.816337386138127,9.48085679439793,110.17184874592552,8154
PV,VOC (V),Voc_V,99,0.1094840995415329,0.6109415695431673,0.2648741993696199,0.1095806532315309,0.1094520144966174,1.2745859604470227,-0.0012717476179669035,0.0004228533581226181,-0.029305666347767545,VOC (V),VOC,inverse,7,3.2643764341028834,1.8073679231058657,2.9032130067784627,12.097333592115064,3451.1281922761923,8154
PV,VOC (V),Voc_V,124,0.1098950249344489,0.6293482083289186,0.2619585874793473,0.1096882632520819,0.1097816998975942,1.253212681536927,0.0027169111494678585,0.0014884916306632267,-0.1031211712471003,VOC (V),VOC,inverse,7,2.540891785302822,1.8526046219884273,2.875362118258283,12.456655025394904,547.591147386495,8154
PV,VOC (V),Voc_V,161,0.1183632586750908,0.5903645387141538,0.1843776876797535,0.1185511355294143,0.1183508829232513,0.6394427585031847,-0.002288160360699353,0.00015085229553105784,-0.010455737682479871,VOC (V),VOC,inverse,7,2.8174135168054812,1.8399404003839548,2.8118932308684683,9.75109770285754,3583.434480645303,8154
PV,VOC (V),Voc_V,178,0.1101716012954745,0.6208527694698885,0.2472003376954859,0.1101561692122271,0.110111400869686,1.1659283227505917,0.00020209699355387253,0.0007885388981718657,-0.05464241699368877,VOC (V),VOC,inverse,7,2.8622705273376927,1.819240146016091,2.8899122089727856,12.60856774242407,3288.8597288669434,8154
PV,VOC (V),Voc_V,226,0.1097906452089802,0.618163487998232,0.2534146899291584,0.1098544956691455,0.1097722104156294,1.206745023262014,-0.0008387778984363191,0.00024226124162810705,-0.01679085983665729,VOC (V),VOC,inverse,7,2.9662725725760204,1.8365895081527581,2.8408445316065194,12.401349114839615,2190.632163210113,8154
PV,VOC (V),Voc_V,238,0.1113620277277352,0.6264597168139312,0.1701345174063698,0.1112354629585099,0.1112617753997116,0.6114184832873557,0.0016405790022727303,0.001299353835682475,-0.09002379901764668,VOC (V),VOC,inverse,7,2.3503410275506513,1.8632586218608567,2.8188131930888023,9.183801779018518,263.30076801023057,8154
PV,VOC (V),Voc_V,243,0.1105952413719043,0.6250131132470007,0.2347436700498987,0.1107302900472355,0.1105832290678631,1.0857969441368014,-0.0017606109616903588,0.00015670685715912927,-0.010861501717607247,VOC (V),VOC,inverse,7,2.471203174340823,1.816912061989134,2.8499834490316025,11.191908268599162,823.8809161243053,8154
PV,VOC (V),Voc_V,266,0.1110384752824137,0.6185688345322944,0.2364952878695581,0.1109661848448767,0.1109723033782247,1.0907517754932965,0.0009395573891526326,0.000860011224883847,-0.059593671491531275,VOC (V),VOC,inverse,7,2.3378634409119305,1.850048286855995,2.752898753545295,10.42561960379001,117.158877448913,8154
PV,VOC (V),Voc_V,356,0.1157031972175361,0.6081171729542841,0.1811598700927931,0.1156855510657948,0.1156382195159648,0.6468346790874623,0.0002200454071009988,0.0008104299836494592,-0.056158950775686556,VOC (V),VOC,inverse,7,2.444136155200653,1.845107901515438,2.9134542151343688,11.167652243594068,172.9563709766371,8154
PV,VOC (V),Voc_V,421,0.1096288299684628,0.6227568489337114,0.2153195350539473,0.1096471718517452,0.109553458604345,0.9738519699937855,-0.0002413555874255292,0.0009922142727125107,-0.06875140794577739,VOC (V),VOC,inverse,7,2.329366934760665,1.847471465632885,2.8087969175338663,9.531104317159144,107.48327087343684,8154
PV,VOC (V),Voc_V,431,0.1133379914751236,0.6219258912460551,0.2525481822189517,0.1132514840965878,0.1132668530647631,1.1559271166403233,0.00110158489720375,0.000905815014005952,-0.0627666058261811,VOC (V),VOC,inverse,7,2.4664960886488503,1.9028592207765869,2.9489481158365987,11.884525971658618,113.86275694644289,8154
PV,VOC (V),Voc_V,482,0.1189974529983031,0.6044036007731288,0.1878970935371217,0.1190396870917081,0.1189364518351857,0.6590120561224053,-0.0005119446295496319,0.0007397523064881056,-0.05126257880349039,VOC (V),VOC,inverse,7,2.442549064443313,1.868641586163436,2.945907924707619,10.838715540228824,192.26295680814172,8154
PV,VOC (V),Voc_V,488,0.1068009048002048,0.6584507928726748,0.2647630319839057,0.1067295566465652,0.1067395092287864,1.3097778279494252,0.0009641119170140794,0.000829586186402034,-0.057486003075768455,VOC (V),VOC,inverse,7,2.466264715116286,1.8453165312228852,2.9573179524163833,11.47620262608707,188.4446685295473,8154
PV,VOC (V),Voc_V,568,0.1121939421526499,0.6052677452243418,0.1692432029358453,0.1121552232553027,0.1120907880123616,0.593103113578023,0.0004979698644701146,0.0013270629438299603,-0.09194270056751552,VOC (V),VOC,inverse,7,2.392001150878301,1.8694767587388528,2.868253894604557,10.03752013692638,161.31202377625286,8154
PV,VOC (V),Voc_V,663,0.109898062199762,0.6205701362854268,0.2680361797242199,0.1098807009258297,0.1098465260211978,1.2862618019901286,0.00022792942777140354,0.0006767037241378436,-0.04689452892311374,VOC (V),VOC,inverse,7,2.8045112494342503,1.7976183254999565,2.8588828379725277,11.794117065022677,3621.40780677562,8154
PV,VOC (V),Voc_V,679,0.112036319456268,0.6165127751400047,0.2216512533070641,0.1120699697361331,0.1119757845472345,0.9843250252838481,-0.00043325060109382406,0.000779720502850606,-0.054031504540030806,VOC (V),VOC,inverse,7,2.415275829086214,1.836779856488174,2.8322344787692937,11.691312718868977,133.7510309165992,8154
PV,VOC (V),Voc_V,703,0.116500521606014,0.5986597900752423,0.2414635496650196,0.1165029319870656,0.1164524860438887,1.0514690079928575,-2.984886907301735e-05,0.0005949755184173188,-0.04123205755913739,VOC (V),VOC,inverse,7,2.369276445101375,1.8700466687703448,2.916407605401243,11.027125927690015,144.5635619992672,8154
PV,VOC (V),Voc_V,922,0.1115290173726584,0.6128575063474326,0.2750664007847001,0.1115795699836054,0.1114984052611927,1.302360809796847,-0.0006537803249040591,0.0003960404613791369,-0.027447665358160123,VOC (V),VOC,inverse,7,2.41173820800914,1.828289484533944,2.9082293984415983,10.463485708132772,178.37374669953277,8154
PV,VOC (V),Voc_V,923,0.1089136559521468,0.6216940058705085,0.2578568376848146,0.1090288950910237,0.1089124768930953,1.2433854472786245,-0.001525676825130764,1.5618168713747063e-05,-0.0010825631011956993,VOC (V),VOC,inverse,7,2.795923574874092,1.801744532714645,2.917088215758384,11.992898091329016,3538.811963185676,8154
PV,VOC (V),Voc_V,938,0.1127242287343609,0.6274855378582616,0.2800482455060963,0.1126571529943416,0.1126027362390852,1.3128777508652143,0.0008587208012001632,0.0015557537682676364,-0.10777851100848279,VOC (V),VOC,inverse,7,2.443286077948874,1.8630073522494257,2.958911034048917,12.110490923144306,159.52797109529624,8154
PV,VOC (V),Voc_V,993,0.1114295685770172,0.6196097566398293,0.2864656859845312,0.1114903614327135,0.1114081157809749,1.3622302252966978,-0.0007868794289049328,0.00027777925128092616,-0.019252336984032503,VOC (V),VOC,inverse,7,2.55766320045915,1.8685669337963096,3.006283700003436,13.227496420899069,164.64963197805895,8154
PV,VOC (V),Voc_V,1024,0.1076816733974626,0.6328245117273263,0.2009614574277002,0.1076874313050251,0.1076120470524904,0.9001460971598986,-7.714109876421295e-05,0.0009331399531638181,-0.06465941954225674,VOC (V),VOC,inverse,7,2.5310399623723927,1.8623427208423595,2.87553474657688,11.962510983861437,514.1268522260447,8154
PV,VOC (V),Voc_V,1025,0.1145287589367371,0.6179642530229538,0.188201946106201,0.1144759107337446,0.1144384456868794,0.7165716321821,0.0006658715024489014,0.0011381060852585002,-0.07885639440796677,VOC (V),VOC,inverse,7,3.2083921852349104,1.84702603125571,2.8807070805232136,10.058271657189051,3403.126854574476,8154
PV,VOC (V),Voc_V,1238,0.1078771400837572,0.6349859739139059,0.2312678545875726,0.1077473576629367,0.1077626000235646,1.100175570309515,0.0017366902135814459,0.001532615391591167,-0.10617639668949463,VOC (V),VOC,inverse,7,2.3727514413185715,1.8516087186864727,2.870795859044637,12.234586401469562,135.26663186175432,8154
PV,VOC (V),Voc_V,1273,0.1092121151872621,0.6297045847196864,0.2256805108536291,0.1092952001888726,0.1091703704254642,1.0471489296531191,-0.0010971378726263882,0.0005515548684545805,-0.03822356313337716,VOC (V),VOC,inverse,7,2.9643180647183263,1.8301182336978734,2.9214315276643927,11.401288945028588,4376.153318019078,8154
PV,VOC (V),Voc_V,1321,0.1082460009036719,0.638798548461373,0.248560891385444,0.1083646162471409,0.108227837280653,1.1992855940899414,-0.001580031368283971,0.00024210379540753733,-0.016779948328127237,VOC (V),VOC,inverse,7,2.6002308768229363,1.8377797584354125,2.957111356136667,13.938029196867335,538.3910434673093,8154
PV,VOC (V),Voc_V,1346,0.1099169787070677,0.6233041110397823,0.2601878309637733,0.1099249047603649,0.1098792048812442,1.2431392341114214,-0.00010402820072593197,0.0004958785984161949,-0.03436577885220782,VOC (V),VOC,inverse,7,2.505433941889099,1.8217919188169862,2.870716812828295,12.64507220381375,169.40669140928992,8154
PV,VOC (V),Voc_V,1503,0.1075803628736001,0.6396283873429581,0.2345695251241824,0.1078302604409396,0.107534630865157,1.1246008327159216,-0.0033473385603645985,0.0006134146359396072,-0.042509624639242016,VOC (V),VOC,inverse,7,2.336192699750301,1.869034632876157,2.850484328986009,9.666119756964253,91.73925256796927,8154
PV,VOC (V),Voc_V,1674,0.1143317303032668,0.6034933480238007,0.1798038390115358,0.1143183577360896,0.11428786238368,0.6531979763392344,0.00016875161989133355,0.000553653604880339,-0.038368980746150694,VOC (V),VOC,inverse,7,2.8285602734721524,1.846514667453168,2.8733267177445767,9.78894855337119,3751.011105203612,8154
PV,VOC (V),Voc_V,1707,0.1092751740676787,0.6256366605144237,0.2141123807779196,0.1094597161857578,0.1092231407331938,0.9704025439162101,-0.0024343447124357573,0.0006871287324092184,-0.04761679395969276,VOC (V),VOC,inverse,7,2.317324813295346,1.850179950315455,2.8651356414824174,10.2657687610947,128.12477433343378,8154
PV,VOC (V),Voc_V,1790,0.1158270045877122,0.6218912029117786,0.1807178574470306,0.1158059159615216,0.115728109775787,0.641767420722109,0.00026269544446682995,0.0012323205540177328,-0.08538148100886156,VOC (V),VOC,inverse,7,2.456781837135859,1.8607121370133644,2.9509606629082463,12.708217937787294,155.22266287922844,8154
PV,VOC (V),Voc_V,1863,0.1109187551772162,0.6245350979161473,0.2470853729436978,0.110785217531275,0.1108338694764248,1.155506277516822,0.0017379401957997194,0.0011045117120667258,-0.07652961904933697,VOC (V),VOC,inverse,7,2.38440628753782,1.8665364331229448,2.8395802080110975,10.9806737743094,463.0355726716987,8154
PV,VOC (V),Voc_V,1982,0.1130915987154269,0.6272058842372423,0.1877557776693954,0.1132710304481834,0.1130896168002848,0.731365544210846,-0.002287173692938528,2.5283259182577952e-05,-0.0017524866255391736,VOC (V),VOC,inverse,7,2.8706720170792295,1.8380814550922329,2.826122329214572,13.053891057964742,3958.816159926512,8154
PV,VOC (V),Voc_V,2024,0.1105452105237742,0.621472879937744,0.2474815768490349,0.1105384227258899,0.1105072746960745,1.1626846109670361,8.858839711794148e-05,0.0004951749895705595,-0.03431702515191981,VOC (V),VOC,inverse,7,3.002032147108742,1.8445018973466825,2.9309247241975487,13.134697650533115,3906.8101856865737,8154
PV,VOC (V),Voc_V,2311,0.1114803546992055,0.6166903986381104,0.2342036938215779,0.1114087625253127,0.1113979774368888,1.0709743321515721,0.0009267897785206556,0.0010664587454425447,-0.07389397220610716,VOC (V),VOC,inverse,7,2.4556781846548916,1.8565212687320258,2.9167515271067352,11.926909516661588,382.6549044108562,8154
PV,VOC (V),Voc_V,2325,0.1063408688025065,0.6399334199871989,0.2227777328594797,0.1062964967052274,0.1063056910771409,1.0669088808695315,0.0006021087166382393,0.0004773247253694785,-0.033080156069564826,VOC (V),VOC,inverse,7,2.35476427318016,1.8482503571165363,2.7864826580190787,11.555253827475546,116.79440501294872,8154
PV,VOC (V),Voc_V,2351,0.11210924709846,0.6013674394020516,0.219976775681485,0.1120116220655137,0.1120441781044572,0.9724459367312318,0.0012568500232171859,0.0008375934252652,-0.05804070198210942,VOC (V),VOC,inverse,7,2.2920347075380145,1.8305601776857927,2.7668151484536088,9.8232142005005,317.617632486836,8154
PV,VOC (V),Voc_V,2786,0.1048381873336199,0.648662419667869,0.2961289425570995,0.1049064582934492,0.1048166728674556,1.498061186527185,-0.0009391818166934831,0.00029609438790777903,-0.020521593048761222,VOC (V),VOC,inverse,7,2.555164722139984,1.8227348731945803,2.9328273651012324,13.796858345225653,497.438211218652,8154
PV,VOC (V),Voc_V,2875,0.1115721560378889,0.6287742256945952,0.1832612474633487,0.111756706326229,0.1115494065736544,0.715924712024834,-0.0023843747160070625,0.00029419424069629244,-0.02038991182242711,VOC (V),VOC,inverse,7,2.91407665607105,1.8547657814285967,2.908148837635303,11.023786772639621,3867.5634686675294,8154
PV,VOC (V),Voc_V,2932,0.1130800224126634,0.6198140490349687,0.1803314849833823,0.1130593596983851,0.1130141827335832,0.6733072319382184,0.00026364267227841265,0.0008402389714168116,-0.058223970667370395,VOC (V),VOC,inverse,7,2.819458675275572,1.8496759045679823,2.8932287136559607,11.518150644320404,3303.02700919969,8154
PV,VOC (V),Voc_V,2977,0.1109721390064726,0.6211014094037499,0.2283678345526542,0.1110023176773813,0.1109403031636462,1.0411619476867031,-0.00039228494827101993,0.0004139417549923077,-0.02868814020475785,VOC (V),VOC,inverse,7,2.4222889255561846,1.8638102645186931,2.814423196546269,11.074742619475622,232.38220148341395,8154
