dataset,target,target_code,seed,direct_RMSE,direct_R2,physics_RMSE,Residual_RMSE,PhysicsGate_RMSE,physics_penalty_log2,Residual_gain_log2,PhysicsGate_gain_log2,PhysicsGate_RMSE_change_percent,target_display,short_label,equation_route,target_order,R3_mean,R3_median,R3_p90,R3_p99,R3_max,n_test_samples,residual_correctability_log2,n_test_predictions,branch_error_correlation,R3_q25,R3_q75,mean_w_low_R3,mean_w_high_R3,delta_w_low_minus_high_R3,gate_suppresses_high_R3
ESTM,Seebeck coefficient,seebeck_uV_per_K,4,53.3397676911643,0.932673208571332,120.6876114840542,53.2975744752028,49.711886020707055,1.1779941451570062,0.0011416628615603,0.1016207028145136,-6.801457575635816,Seebeck coefficient,Seebeck,inverse,0,0.7524115581473347,0.3860897335022369,1.1453627858240152,7.955887391217516,42.41816972944436,5186,1.1791358080185665,5186,0.7904777813563686,0.27597360641223934,0.5994211209825826,0.8320584203951773,0.8032320605622603,0.028826359832917037,True
ESTM,Seebeck coefficient,seebeck_uV_per_K,34,54.89510716795613,0.9288482168215392,110.66059841001872,53.733127619006346,51.10872725761448,1.0113921586092989,0.030865751969312,0.1031079018672769,-6.897481589309784,Seebeck coefficient,Seebeck,inverse,0,0.8687289335359445,0.3757795965137832,1.1248904261232613,8.88830105890304,112.11996517644614,5186,1.042257910578611,5186,0.790918428354871,0.2681340189066806,0.5843146674892998,0.7874123479912706,0.7312885440301597,0.05612380396111083,True
ESTM,Seebeck coefficient,seebeck_uV_per_K,42,54.60231106928735,0.9296895732240265,114.74351842865872,53.16064595332758,50.14577258619744,1.0713787414271705,0.0386033803420437,0.1228339320339199,-8.1618129266265,Seebeck coefficient,Seebeck,inverse,0,0.7379561414976287,0.3740742145822211,1.0798742100165355,8.330086311919196,47.94349160455699,5186,1.109982121769214,5186,0.7781948481726302,0.26705486068934964,0.584893984445945,0.8456344182339663,0.7727903033353992,0.07284411489856712,True
ESTM,Seebeck coefficient,seebeck_uV_per_K,83,53.40745727850114,0.9323115235071356,113.94037876397071,55.36615894734906,50.4452060498221,1.0931660027080694,-0.051963238352408,0.0823240268899256,-5.546512377909973,Seebeck coefficient,Seebeck,inverse,0,0.8143752053324009,0.3795401715041976,1.1213827330463944,9.538363790466686,115.97228813505748,5186,1.0412027643556616,5186,0.7788935259401047,0.2731571766356231,0.5914462041205504,0.7713532559318752,0.6907817378121451,0.08057151811973007,True
ESTM,Seebeck coefficient,seebeck_uV_per_K,99,57.01936947560348,0.9228573810833604,117.1308676865245,57.40881457505278,54.1189672686612,1.0385973306478498,-0.0098201800139075,0.0753177767506494,-5.086696386888756,Seebeck coefficient,Seebeck,inverse,0,0.7538060696266116,0.3780962699510286,1.1320429715778768,8.043913484047453,64.81749578456846,5186,1.0287771506339423,5186,0.811612448908284,0.2728402610422935,0.5890314307966598,0.7698394762975763,0.7111306553615109,0.05870882093606544,True
ESTM,Seebeck coefficient,seebeck_uV_per_K,134,52.85745227184836,0.9339720001458212,112.25340527447064,52.74390453493666,49.076891829557525,1.0865804167552735,0.0031025135477844,0.1070630066133359,-7.152369779094226,Seebeck coefficient,Seebeck,inverse,0,0.7547780519015903,0.3759010878414197,1.10577183334896,8.176859299440487,60.06262577576408,5186,1.089682930303058,5186,0.7941789657580046,0.2675766340448859,0.5741588065342579,0.8529849682524578,0.7929434023718415,0.06004156588061638,True
ESTM,Seebeck coefficient,seebeck_uV_per_K,178,53.28534765810391,0.932851357295144,114.67590452888938,52.622562000968536,49.03150622447756,1.1057515049533244,0.0180573871583674,0.1200297957337458,-7.983135365692606,Seebeck coefficient,Seebeck,inverse,0,0.8003853407494045,0.3770881190696463,1.1143714208136437,8.436830078836062,116.51155845771088,5186,1.1238088921116918,5186,0.7794646934067145,0.27023767150425415,0.5810958854951437,0.8837514896506221,0.8323772875604977,0.05137420209012444,True
ESTM,Seebeck coefficient,seebeck_uV_per_K,237,52.381931182389984,0.9352288668416684,112.79221784255152,54.03653630340884,48.94974615216245,1.1065263775712877,-0.044865953091424,0.0977678708001186,-6.552230803169357,Seebeck coefficient,Seebeck,inverse,0,0.7699111436749799,0.3806233996842235,1.1334844459148998,7.914116685147587,160.30111942593737,5186,1.0616604244798635,5186,0.7849472832595423,0.2731258462134487,0.5838637538185515,0.8703633202912225,0.8068802058786795,0.06348311441254306,True
ESTM,Seebeck coefficient,seebeck_uV_per_K,325,52.52749566383884,0.934426097010554,116.57365217524708,51.77844700881468,47.97411240527095,1.150097040984679,0.0207211081062361,0.1308166886400474,-8.66857100461872,Seebeck coefficient,Seebeck,inverse,0,0.7892742065956003,0.3775444567422644,1.1330218082216068,8.81354657424696,104.99319855581594,5186,1.1708181490909146,5186,0.7892256549987678,0.2694538863599877,0.5990834241927313,0.8591525450079073,0.8116665292408826,0.047486015767024714,True
ESTM,Seebeck coefficient,seebeck_uV_per_K,365,52.563725151829566,0.934844481432066,115.89254220136692,52.92714162110124,48.1753257178818,1.140648303379165,-0.0099402200055032,0.1257731012502269,-8.348722281900567,Seebeck coefficient,Seebeck,inverse,0,0.8625974127409258,0.3811639116905843,1.1584978305938791,8.704776665324168,359.48118619327414,5186,1.1307080833736618,5186,0.7851813033941236,0.27302141840555383,0.5796529115995408,0.8886570237779022,0.8068224251359096,0.0818345986419926,True
ESTM,Seebeck coefficient,seebeck_uV_per_K,421,53.16351906305935,0.9332443244262976,112.86037905357604,52.4088680363051,48.92017910994278,1.086030590669385,0.0206256553982825,0.1200069183957963,-7.981676209363364,Seebeck coefficient,Seebeck,inverse,0,0.8134187702876421,0.3708519630366931,1.1171033462276494,8.789954597991883,99.33890206719788,5186,1.1066562460676677,5186,0.7805323373831876,0.2680300023931463,0.5781310767826067,0.8581141384918393,0.7885882311772984,0.06952590731454089,True
ESTM,Seebeck coefficient,seebeck_uV_per_K,482,52.64991916461298,0.9346751890241012,117.84066838389138,52.41481245064018,48.53350100521194,1.162334297031529,0.0064567405497389,0.1174503823442337,-7.818470046517689,Seebeck coefficient,Seebeck,inverse,0,0.738994496158722,0.3740166008569952,1.098676278553535,7.544016001002378,124.30620916105988,5186,1.1687910375812678,5186,0.7586314007670542,0.26765259591113266,0.5835816513489183,0.8466874653791969,0.8142121869858467,0.03247527839335018,True
ESTM,Seebeck coefficient,seebeck_uV_per_K,540,53.42792388371803,0.9323229435628,116.85696756933535,53.59836687049465,49.85798684377401,1.1290778942992463,-0.0045950851500691,0.0997693264856014,-6.68178132415126,Seebeck coefficient,Seebeck,inverse,0,0.8397542487205091,0.3782350647351621,1.1228884800432084,9.739454279355622,125.14200267383632,5186,1.1244828091491772,5186,0.7796129638346306,0.2703130123726248,0.6039466927544934,0.7176794572953731,0.671717643555368,0.045961813740005075,True
ESTM,Seebeck coefficient,seebeck_uV_per_K,639,53.11724904946622,0.93351627635931,117.99071272912026,52.24896554362482,48.93654924891883,1.151420970483199,0.0237779570864771,0.1182680575717965,-7.8707009029290065,Seebeck coefficient,Seebeck,inverse,0,0.8063304540461405,0.3788262901732737,1.118287950281358,8.090673290653305,194.56130889753493,5186,1.1751989275696764,5186,0.7607901532284994,0.2732539808997213,0.5911352428066557,0.7703018728279065,0.7119140578718816,0.058387814956024964,True
ESTM,Seebeck coefficient,seebeck_uV_per_K,673,51.64906254880788,0.9370745538601812,116.59450075244996,51.50564697851473,47.846328923208006,1.1746856756437998,0.0040115486012578,0.1103339276804007,-7.362638231829132,Seebeck coefficient,Seebeck,inverse,0,0.826505051086889,0.3793183509946372,1.134245696903066,10.113159115230516,143.61525033737453,5186,1.1786972242450577,5186,0.7809698671974692,0.2703481956837982,0.5856272427945785,0.7724243300697056,0.7046660931978235,0.0677582368718821,True
ESTM,Seebeck coefficient,seebeck_uV_per_K,757,53.300571817702746,0.933012395756578,119.80451596196644,53.416128821775175,49.951576973942856,1.168459375046494,-0.0031244140959336,0.0936207858521765,-6.283224981551861,Seebeck coefficient,Seebeck,inverse,0,0.8439794673840865,0.374317519664719,1.1370636710127062,8.558907798623347,440.3796830719741,5186,1.1653349609505605,5186,0.7821637749731798,0.26551176068022886,0.58152918101262,0.684226519509678,0.6327630485715668,0.05146347093811121,True
ESTM,Seebeck coefficient,seebeck_uV_per_K,860,53.505075322063966,0.9324247747688482,114.57896676054496,54.99396021935581,49.18566846997961,1.0985945805396171,-0.0395974340562045,0.1214377376004177,-8.072891825839845,Seebeck coefficient,Seebeck,inverse,0,0.7197521171106231,0.3805810356447814,1.111448627538724,7.026595831710709,46.47132246005335,5186,1.0589971464834125,5186,0.7742890520893063,0.2714649267731008,0.5879896164233926,0.8355189617770125,0.7782234562828727,0.05729550549413975,True
ESTM,Seebeck coefficient,seebeck_uV_per_K,894,54.09659936684303,0.9307902396904892,118.0168941772132,56.98866166496911,52.10998724866986,1.1253835859044348,-0.0751370066228812,0.053978004125823,-3.672341961278269,Seebeck coefficient,Seebeck,inverse,0,0.766003790348351,0.3819940165922268,1.1245775376897138,9.482939532565572,54.477271022742336,5186,1.0502465792815534,5186,0.784311850940236,0.272176953392932,0.5920637870348119,0.8120647700951041,0.7459976263255568,0.06606714376954737,True
ESTM,Seebeck coefficient,seebeck_uV_per_K,982,51.34056584148152,0.9376773285431902,111.77175219787824,50.60597485104461,47.25438066957272,1.1223845239140102,0.0207914680437335,0.1196511173054919,-7.95897961959604,Seebeck coefficient,Seebeck,inverse,0,0.8234056330219883,0.3786146185959121,1.1362267952683522,8.96103447730824,111.82064694735226,5186,1.1431759919577438,5186,0.78920868216914,0.273037734046287,0.5821501832416144,0.7775275096058267,0.7396282683127993,0.037899241293027464,True
ESTM,Seebeck coefficient,seebeck_uV_per_K,1008,52.99549027278027,0.933549913027691,113.70896567921804,52.54501333891742,49.481402948959015,1.1014045099497325,0.0123157415969815,0.0989831909897398,-6.630917660603619,Seebeck coefficient,Seebeck,inverse,0,0.7686487356262979,0.3810353116255339,1.1552919438043876,8.452805925233182,97.14061315812975,5186,1.1137202515467142,5186,0.7692469006180476,0.2738860955244923,0.5937039484010668,0.8089523333491732,0.7444180368615958,0.06453429648757736,True
ESTM,Seebeck coefficient,seebeck_uV_per_K,1101,51.14231062145984,0.9380693100350718,113.15575043879612,53.731041138512985,48.10923426591976,1.1457206540288103,-0.0712384498575985,0.0882035065050294,-5.930659601968335,Seebeck coefficient,Seebeck,inverse,0,0.8692802538851327,0.3818803086729138,1.1200265463836985,8.448004880274551,426.9545902266327,5186,1.0744822041712119,5186,0.7689056453860454,0.2723468402130019,0.5839559656085728,0.8563370727815697,0.8216417661336977,0.034695306647872015,True
ESTM,Seebeck coefficient,seebeck_uV_per_K,1165,52.913886489479005,0.9338323513362868,114.5905186142358,51.96159161574652,49.27863927796252,1.114769386619273,0.0262007645146686,0.1026839669112873,-6.870119457657475,Seebeck coefficient,Seebeck,inverse,0,0.8096834223531979,0.3764801755270308,1.1326750286430465,8.13219344716801,100.51756867296412,5186,1.1409701511339416,5186,0.7546985624192587,0.2670429201955159,0.5927820092522744,0.8511546476263653,0.7858711886868293,0.06528345893953602,True
ESTM,Seebeck coefficient,seebeck_uV_per_K,1255,51.77746657273008,0.9366196176972434,115.60966393575715,51.50946047308738,47.481482267945125,1.1588657170645758,0.0074869482459957,0.1249594036631637,-8.297015263870689,Seebeck coefficient,Seebeck,inverse,0,0.7710995250642881,0.3779890762912644,1.0997247103237358,8.527618952757107,108.50478151145442,5186,1.1663526653105714,5186,0.7586728943149089,0.2711171573945492,0.5905978501219682,0.8368234171229999,0.7906674142767293,0.04615600284627064,True
ESTM,Seebeck coefficient,seebeck_uV_per_K,1308,51.37426290962563,0.9376995923564516,112.74410377184388,54.23685669919752,48.78960836225492,1.1339342911535266,-0.0782277794775575,0.0744718872359239,-5.031029937923337,Seebeck coefficient,Seebeck,inverse,0,0.9114724867538844,0.3807611583160365,1.1202252199104037,7.55843036203546,278.93460466839264,5186,1.055706511675969,5186,0.7797367543471531,0.27305910362318625,0.5998718210565434,0.7844785251353903,0.7078048121830816,0.07667371295230874,True
ESTM,Seebeck coefficient,seebeck_uV_per_K,1333,55.3159736979548,0.927756099960096,115.71773317176616,56.87854556188709,52.50325252243663,1.0648419117832362,-0.0401884239651101,0.075289351369976,-5.084826294257494,Seebeck coefficient,Seebeck,inverse,0,0.7616245612708463,0.3788708896637646,1.1384573586614797,8.155457300021277,42.60610431031184,5186,1.024653487818126,5186,0.8118940471887969,0.26681595554611515,0.580975726639725,0.8561314351974025,0.8152768866587188,0.040854548538683755,True
ESTM,Seebeck coefficient,seebeck_uV_per_K,1454,52.4027039608206,0.9352160101285936,111.98633252899045,50.33413437009518,48.291548017641446,1.0956095066890257,0.0581041527298921,0.1178705454331482,-7.8453126125951345,Seebeck coefficient,Seebeck,inverse,0,0.8064624950290772,0.3842224235183537,1.1573829125805457,10.02715501134712,95.96525933137528,5186,1.1537136594189177,5186,0.7698268882834747,0.27551147177972185,0.598470866830024,0.8530837520018179,0.7693089573806727,0.08377479462114512,True
ESTM,Seebeck coefficient,seebeck_uV_per_K,1483,53.41319420934888,0.9325792463214572,112.63993511037616,53.71928566364469,49.9464364738759,1.0764503401841754,-0.0082439578606481,0.0968144128911826,-6.49045200683055,Seebeck coefficient,Seebeck,inverse,0,0.8151962883638534,0.3867058027955246,1.142881323232213,8.55906251772135,83.07503986616247,5186,1.0682063823235273,5186,0.7803401281124278,0.278672527091907,0.5970867169448417,0.8791958568301075,0.8172384294575059,0.06195742737260157,True
ESTM,Seebeck coefficient,seebeck_uV_per_K,1568,53.413756389221625,0.9327292081526464,112.67369010393752,52.83057730337392,49.36461488171139,1.076867425752551,0.0158381721798284,0.1137340750961612,-7.580709130442864,Seebeck coefficient,Seebeck,inverse,0,0.8006061332803205,0.379885400529737,1.153928539052143,8.54422597923893,193.29743558470287,5186,1.092705597932379,5186,0.7799782099870596,0.2736449627855137,0.5946086062826006,0.8469075547730794,0.7804777171672785,0.0664298376058009,True
ESTM,Seebeck coefficient,seebeck_uV_per_K,1600,51.7693691990657,0.9367907011019722,114.94499744840608,50.07594316868267,47.51991619860238,1.1507730350848726,0.0479810501952195,0.1235664473654737,-8.208431097785152,Seebeck coefficient,Seebeck,inverse,0,0.9303187747838118,0.3803473090337249,1.1013223769834537,9.982506797071418,236.78622032893227,5186,1.1987540852800922,5186,0.771826551718345,0.2730909226596387,0.5836970661540429,0.8859382628083713,0.810423362722617,0.07551490008575434,True
ESTM,Seebeck coefficient,seebeck_uV_per_K,1721,51.932158174545606,0.9360653189600452,114.0051559351287,51.98101042611,47.960694994946095,1.1343989857149337,-0.0013564961440343,0.1147756166859299,-7.647406384019895,Seebeck coefficient,Seebeck,inverse,0,0.7544787930364456,0.3707694826810122,1.1375206250509364,8.592195551318483,56.625948607349706,5186,1.1330424895708993,5186,0.7623914371557696,0.2672033409953426,0.5826257984635005,0.8425055795418794,0.7482138687782469,0.09429171076363252,True
ESTM,Seebeck coefficient,seebeck_uV_per_K,1785,51.5471518121114,0.936996377597306,112.75172238740186,51.2713891853439,47.2982659636834,1.1291848519645264,0.0077387273574368,0.1241054222437707,-8.242717005810762,Seebeck coefficient,Seebeck,inverse,0,0.7474420504246542,0.3770616801391567,1.1051279708593642,9.138702827681543,47.18806787149415,5186,1.1369235793219632,5186,0.7660244008562639,0.2696742903428062,0.5797391265647215,0.8303906504439224,0.7685954836357516,0.061795166808170765,True
ESTM,Seebeck coefficient,seebeck_uV_per_K,1864,52.74033588811515,0.9344499773255652,115.11127898091792,52.69879661548391,48.8140784071204,1.1260505359347244,0.0011367412516532,0.1116094656757156,-7.44450602158474,Seebeck coefficient,Seebeck,inverse,0,0.8311529022345258,0.378522958447766,1.1362474644856433,10.287654370181592,72.90525553306696,5186,1.1271872771863776,5186,0.7927013992308954,0.270832160566115,0.5944575882742916,0.8736459273859197,0.7849621619570503,0.08868376542886947,True
ESTM,Seebeck coefficient,seebeck_uV_per_K,1904,52.6793856703573,0.9344492358400784,113.14011596121298,51.6571139383366,48.63144157298831,1.1028001281922333,0.0282714785280182,0.1153491637007034,-7.68411409103954,Seebeck coefficient,Seebeck,inverse,0,0.7513181763389312,0.3813226572861481,1.1311288273755662,8.526168778095151,77.32922375778881,5186,1.1310716067202515,5186,0.79267891015315,0.2723520366225939,0.5918841523234359,0.8497517490252813,0.770390871189094,0.07936087783618728,True
ESTM,Seebeck coefficient,seebeck_uV_per_K,1949,53.855431719257744,0.9314322798942184,112.50636012759644,54.11634095803026,51.05852401073961,1.0628427974299182,-0.0069724371143681,0.0769400253725216,-5.193362339193741,Seebeck coefficient,Seebeck,inverse,0,0.9338005950029418,0.3754797285413868,1.1103930233460266,8.224783947992002,345.8243601664957,5186,1.05587036031555,5186,0.7782377443953635,0.26839050429438704,0.5806462012622591,0.8966139179204459,0.8231676428409396,0.0734462750795063,True
ESTM,Seebeck coefficient,seebeck_uV_per_K,2010,52.35970889410806,0.9353168743309258,116.09838999378094,54.10398565488983,49.30622382355356,1.1488189842002634,-0.0472778000486656,0.0866873097740676,-5.831745697306778,Seebeck coefficient,Seebeck,inverse,0,0.8252758595924863,0.3872401117757446,1.1374364019829435,8.416839436412308,279.7474252759492,5186,1.101541184151598,5186,0.786018649178579,0.27717446056155165,0.5993840659666463,0.8392613700530651,0.7714722302147333,0.06778913983833179,True
ESTM,Seebeck coefficient,seebeck_uV_per_K,2024,52.05476162709838,0.9361323816059708,116.66216637969345,50.671926712924346,48.21729924153252,1.1642347269820823,0.0388434519081756,0.110479293174288,-7.371971872729077,Seebeck coefficient,Seebeck,inverse,0,0.7723953920900496,0.3840234904228921,1.1352534748607792,8.367222936043957,167.06242640561229,5186,1.2030781788902587,5186,0.7796895585766888,0.2768210700770525,0.591092090101244,0.838800564537574,0.7732486229133276,0.06555194162424638,True
ESTM,Seebeck coefficient,seebeck_uV_per_K,2133,53.95118573755388,0.931069547403922,113.14948859961852,55.85807392051252,50.2871345644788,1.0685034914051077,-0.050111160375577,0.1014653187151027,-6.791419174545855,Seebeck coefficient,Seebeck,inverse,0,0.8015055237852108,0.3725036799520108,1.091874205209579,8.984465062433253,94.13480547808106,5186,1.0183923310295306,5186,0.7775123280678209,0.26768634074271436,0.5757021324703336,0.8666624171935019,0.790165705076405,0.07649671211709685,True
ESTM,Seebeck coefficient,seebeck_uV_per_K,2152,52.47307720683951,0.9350531698104247,112.33371003957323,52.01577350571012,49.120992269904406,1.09814162639545,0.0126282180295544,0.0952376929996404,-6.388199654694892,Seebeck coefficient,Seebeck,inverse,0,0.7768849233953155,0.37480382964709,1.1290602101936835,8.249349553402904,83.02136533686917,5186,1.110769844425004,5186,0.7841061502754382,0.26897757898700714,0.586407679644027,0.78902630744535,0.6971778634179356,0.09184844402741432,True
ESTM,Seebeck coefficient,seebeck_uV_per_K,2256,54.983262008665626,0.928747702626288,112.65103105153965,54.34959544561598,51.244549982770216,1.0347961123574183,0.0167232040884203,0.1015939229231197,-6.799727570376179,Seebeck coefficient,Seebeck,inverse,0,0.7806250909103671,0.3712723332908531,1.0763341505663109,7.52718234612146,418.24089135597626,5186,1.051519316445839,5186,0.8057139025684423,0.26775261859468236,0.578235936334688,0.7542582916043448,0.698942882202886,0.05531540940145874,True
ESTM,Seebeck coefficient,seebeck_uV_per_K,2267,53.22204296697163,0.932994116240233,113.9413136328418,53.28222851741393,50.05943850936941,1.098195148853733,-0.0016305337464637,0.0883817811666979,-5.9422830866617815,Seebeck coefficient,Seebeck,inverse,0,0.8762764975486714,0.3753620146809541,1.1281082362025647,8.113296450342391,189.21812315870025,5186,1.096564615107269,5186,0.7860501601571994,0.26884033367439086,0.5837064284200552,0.8273835158329143,0.76837351680918,0.05900999902373427,True
ESTM,Seebeck coefficient,seebeck_uV_per_K,2352,53.995630179566376,0.931076806192694,114.7810610313934,52.09344731125568,49.49305922553191,1.087970054762751,0.0517407445672381,0.1256164362404194,-8.338769154209036,Seebeck coefficient,Seebeck,inverse,0,0.8481083502002273,0.3859345265708235,1.1430594654755626,8.245674157214573,228.885581756844,5186,1.1397107993299893,5186,0.7532186157393954,0.27481779433636444,0.6037033049492025,0.8068515098476989,0.7434215463864564,0.06342996346124252,True
ESTM,Seebeck coefficient,seebeck_uV_per_K,2431,53.1780122509997,0.93323283978075,113.74909611119898,52.86432306814868,49.34622438275475,1.0969533246150882,0.0085354428904942,0.1078901472028927,-7.205586869548542,Seebeck coefficient,Seebeck,inverse,0,0.9111510233742904,0.3810968859073853,1.1418653772655891,10.004969241000229,135.34151277088625,5186,1.1054887675055827,5186,0.7732032864967003,0.2746569173555914,0.5862192315769275,0.8981798456659187,0.8445295294572533,0.05365031620866534,True
ESTM,Seebeck coefficient,seebeck_uV_per_K,2504,52.81522083603563,0.9341527736266864,110.8513324987914,52.36218033901023,48.4577443031051,1.069600446978411,0.0124285885245133,0.1242265110401569,-8.250418087729427,Seebeck coefficient,Seebeck,inverse,0,0.8631879315634854,0.3770167649338233,1.1418860504845214,10.5810077276413,126.74626087825273,5186,1.0820290355029243,5186,0.787326834338941,0.27300716229358335,0.5831389832100395,0.8556584647004015,0.7610878300013282,0.09457063469907334,True
ESTM,Seebeck coefficient,seebeck_uV_per_K,2556,55.10688921873688,0.927732528963354,117.01059891790187,55.41052519603972,52.0609404926193,1.0863346217353975,-0.0079273519597324,0.0820313148144632,-5.527346524728028,Seebeck coefficient,Seebeck,inverse,0,0.7849930575618673,0.3693786523157352,1.078030683373193,8.705004045799821,267.7602260829206,5186,1.0784072697756653,5186,0.8189798455315908,0.26519879566065324,0.5770992541966831,0.8860857891374939,0.8199409833891429,0.06614480574835102,True
ESTM,Seebeck coefficient,seebeck_uV_per_K,2666,51.71860428978511,0.9368963975030524,111.13858694340688,50.0153540044864,47.634919884031525,1.1036045552396352,0.04831229241148,0.1186637797444057,-7.895967924563941,Seebeck coefficient,Seebeck,inverse,0,0.8572550721050518,0.3765255483865745,1.1396448145714777,7.703886832895896,517.5798040872496,5186,1.151916847651115,5186,0.7862468861039291,0.2713435992419635,0.5885426745302957,0.8542979528456671,0.7878924939693501,0.06640545887631699,True
ESTM,Seebeck coefficient,seebeck_uV_per_K,2683,52.13885261840263,0.9358018946160708,116.04288129676506,48.3023109129374,46.842285832815485,1.1542272826138642,0.1102666217508978,0.1545473559917489,-10.15857948457749,Seebeck coefficient,Seebeck,inverse,0,0.7552065915252785,0.3835996156249784,1.1312337837012962,8.32841753294047,48.84644623230952,5186,1.264493904364762,5186,0.7778546882448116,0.2743470072449033,0.5944439888655347,0.8858422536678541,0.810923748226699,0.07491850544115508,True
ESTM,Seebeck coefficient,seebeck_uV_per_K,2739,53.855312236349086,0.931631638479066,115.22050859596727,53.635727581388124,50.65456196661686,1.0972369682017769,0.0058943356390823,0.0883964533732125,-5.943239648644938,Seebeck coefficient,Seebeck,inverse,0,0.9173902090240866,0.3782070532462701,1.0868985109637892,7.5840012598310516,899.8487828391908,5186,1.1031313038408588,5186,0.7938342505721995,0.2706359791276502,0.585896241889183,0.8273161438465955,0.7953453083427001,0.031970835503895345,True
ESTM,Seebeck coefficient,seebeck_uV_per_K,2854,52.778364617131786,0.9343271176282264,115.36114419272506,52.44927027901434,48.85656757553736,1.1281388255963078,0.0090239473310809,0.1113941377751976,-7.430690719661714,Seebeck coefficient,Seebeck,inverse,0,0.8929946284192717,0.3822482839828085,1.129737538117833,9.179552429100845,190.18138742122323,5186,1.1371627729273888,5186,0.7713118329614892,0.27380171041803536,0.5821750767416884,0.7087709119411166,0.6460503304148993,0.06272058152621729,True
ESTM,Seebeck coefficient,seebeck_uV_per_K,2926,53.64751663121937,0.9319568598620608,110.48931306268936,53.34769542437379,49.34065960537109,1.0423235389265333,0.0080854403133487,0.1207343872128891,-8.028064104913234,Seebeck coefficient,Seebeck,inverse,0,0.7937411918486383,0.3753799836243157,1.108291785306621,8.56474294951351,249.6953093805579,5186,1.0504089792398819,5186,0.7848938477983203,0.26949315591688683,0.588443189906401,0.8835840707565725,0.8259150982704455,0.05766897248612701,True
ESTM,Seebeck coefficient,seebeck_uV_per_K,3000,52.77469534951731,0.9341434175973043,117.5914640852694,51.59212886781622,49.30066762935749,1.1558650888329929,0.0326953671515218,0.0982391617020931,-6.58275277034186,Seebeck coefficient,Seebeck,inverse,0,0.8690334410661736,0.3783180085153447,1.128734166919378,10.045336494999503,210.5427415154963,5186,1.1885604559845144,5186,0.7799775797809327,0.27267010737140646,0.5864878485774325,0.772618897514942,0.7297636854699059,0.04285521204503606,True
ESTM,ZT,ZT,4,0.1136207559689729,0.8921665628457228,0.1534210871921997,0.1035063017925228,0.1026096932475034,0.4332703828501343,0.1345078007536892,0.1470593823074575,-9.691066238352008,ZT,ZT,forward,1,1.0199460528235316,0.8120614996444464,2.218892334957113,3.695787300771282,4.983735011917356,5186,0.5677781836038243,5186,0.8097736709793003,0.3345954462049498,1.5230525917242141,0.7689093282203834,0.6457316442422429,0.12317768397814044,True
ESTM,ZT,ZT,34,0.1115296548951087,0.8968633343526206,0.1507750587820548,0.1042873160283227,0.1020009239808555,0.4349704347587548,0.0968636625254086,0.1288451419103236,-8.543674705364058,ZT,ZT,forward,1,1.0109275231466155,0.8090016799933377,2.210440108471571,3.624901935149593,5.798334573656568,5186,0.5318340972841642,5186,0.8124795102580199,0.33255705371900957,1.5047234404173029,0.8482992382134115,0.7116545926247928,0.13664464558861866,True
ESTM,ZT,ZT,42,0.1143539523686291,0.8912040044638859,0.1550578275503622,0.1053654169038547,0.1035772035235045,0.4393001272992093,0.1181048073930224,0.1427997170413143,-9.424028310263266,ZT,ZT,forward,1,1.0056041024261442,0.8011779173546734,2.1896153515263808,3.6027479894870904,4.927132490630364,5186,0.5574049346922318,5186,0.8255382033097863,0.3291896145112009,1.4926434348445605,0.8775216370861841,0.6889416136587545,0.18858002342742963,True
ESTM,ZT,ZT,83,0.1101561133158437,0.8992260544167796,0.1498917097569767,0.0992734852145414,0.0978415863938017,0.4443710303319015,0.1500692149087087,0.1710298613895659,-11.179158878575668,ZT,ZT,forward,1,1.0239730106075793,0.8142019583242188,2.260403225024585,3.7671867393298175,5.4300362209814,5186,0.5944402452406095,5186,0.807301848132056,0.3349301157759855,1.5120096936194822,0.8377111685754141,0.6750865406303379,0.16262462794507615,True
ESTM,ZT,ZT,99,0.1124015126926825,0.8949335090291953,0.154832776923404,0.1054429407463215,0.1018458740661,0.4620494600094172,0.0921989393906552,0.1422739157112246,-9.391011182778865,ZT,ZT,forward,1,1.012780400259288,0.8110835500301375,2.2050761672387864,3.646479349151487,5.923343271484982,5186,0.5542483994000726,5186,0.806948176170497,0.33297716301654984,1.5039693455553147,0.8630339536280404,0.7163754472418258,0.14665850638621458,True
ESTM,ZT,ZT,134,0.1101472569952966,0.8992189966327718,0.1544340832889073,0.1028978741880746,0.1003985239661792,0.4875576196627502,0.0982203906768992,0.133695508647136,-8.850636225588149,ZT,ZT,forward,1,1.0116637780449145,0.8046731053157065,2.1738021476677822,3.687150294649389,5.563026280178364,5186,0.5857780103396487,5186,0.8171375033919607,0.33543868735967386,1.4941693029463474,0.8763827652856231,0.6760519625769063,0.20033080270871684,True
ESTM,ZT,ZT,178,0.1131749719809161,0.8938524802456737,0.1516166749191408,0.1035255834337084,0.1019561234770014,0.4218734815377715,0.1285676161616634,0.1506065233024475,-9.912835238701378,ZT,ZT,forward,1,0.9977148017510736,0.7893410195741133,2.163765968194856,3.588267683129457,5.431835220406503,5186,0.5504410976994348,5186,0.8061445826873177,0.3335563896904228,1.4778554185044948,0.9382008457660509,0.6021302829160464,0.3360705628500045,True
ESTM,ZT,ZT,237,0.1085278575379869,0.9018838116712348,0.1530754098283881,0.0993467110253385,0.0973525931011933,0.4961771363759161,0.1275212977640225,0.1567740967898458,-10.297139085125728,ZT,ZT,forward,1,1.0243820229366791,0.8119684603666458,2.2503115789608064,3.665420769840377,5.297219843039926,5186,0.6236984341399389,5186,0.8092630105138975,0.33791986200473867,1.5227001467840737,0.7348299006689946,0.6902100688991774,0.04461983176981721,True
ESTM,ZT,ZT,325,0.1145683559812161,0.890775637184492,0.1568520564076493,0.1063943319777819,0.104021980024896,0.453195820011063,0.1067873285867535,0.1393202191927191,-9.20531316522446,ZT,ZT,forward,1,1.0075494199666557,0.7909561207794549,2.1840495790701877,3.624219478991088,5.7060629405697965,5186,0.5599831485978163,5186,0.8264573385155094,0.3325253406612193,1.4927302621175145,0.8417596258951445,0.6904835025031392,0.15127612339200536,True
ESTM,ZT,ZT,365,0.11320188995411,0.8934992522973108,0.1494534463573682,0.1091444647521913,0.1019455827361343,0.4007981207863435,0.0526590786970887,0.1510987795096818,-9.943568276588632,ZT,ZT,forward,1,1.0149318032207526,0.8168494122088477,2.200006879746109,3.585219315615959,5.24806251336569,5186,0.4534571994834326,5186,0.7778390848054353,0.3320062243252242,1.5047570061955964,0.8149941550435205,0.5642742310053952,0.25071992403812526,True
ESTM,ZT,ZT,421,0.1140356811208254,0.8921048084025552,0.1548306934291448,0.1063513835659411,0.1045167275065026,0.4412061916050482,0.1006465041663772,0.1257514474961263,-8.347346655681465,ZT,ZT,forward,1,1.0030104940747593,0.800131221893257,2.1744650038417395,3.5795584655210653,5.193131320410205,5186,0.5418526957714265,5186,0.8386327481724961,0.33133982055772543,1.4872923452041296,0.7603268708017072,0.6813136641946389,0.07901320660706834,True
ESTM,ZT,ZT,482,0.110066409385206,0.8992350036381677,0.1527165782424208,0.0992533073888404,0.0982962440983334,0.4724824360684964,0.1491871645454061,0.1631660498960557,-10.693694245698326,ZT,ZT,forward,1,1.0177945988433377,0.8185976047526524,2.213333664084921,3.590752763561719,5.522140121219801,5186,0.6216696006139028,5186,0.8163267173794322,0.33924313970763487,1.515130317282646,0.7974307819280706,0.6718440945667237,0.12558668736134693,True
ESTM,ZT,ZT,540,0.1137249188345746,0.8927154134873888,0.1519847178153913,0.1063957503784314,0.1041981289033374,0.4183778618452786,0.0961078766061727,0.1262190337553247,-8.377047026162266,ZT,ZT,forward,1,1.006667700307138,0.800162679419008,2.1964749136156314,3.540429995769536,5.800567453237802,5186,0.5144857384514516,5186,0.8153550489087358,0.3312522496085007,1.5017369891121293,0.8172665657558069,0.6770928339831713,0.1401737317726356,True
ESTM,ZT,ZT,639,0.1115728830164354,0.8966029585492188,0.1524988104881796,0.1023643008365729,0.1004530270979314,0.4508115563406313,0.1242737645556502,0.1514653935926594,-9.96645028601252,ZT,ZT,forward,1,1.012519019274204,0.8085967261462367,2.2242249294033893,3.6012240477990134,4.902138936043984,5186,0.5750853208962807,5186,0.7952819909756565,0.330845760602157,1.509142480505237,0.8926061378713732,0.7156075563064623,0.17699858156491088,True
ESTM,ZT,ZT,673,0.1125593970741827,0.8945919436763744,0.1899741240572137,0.1238307868179906,0.1030847418104212,0.7551164198381848,-0.1376835361853062,0.1268556993127611,-8.417471583929393,ZT,ZT,forward,1,1.0189688864831945,0.8119137112081648,2.189260837800213,3.655924835441631,10.013266655941074,5186,0.617432883652879,5186,0.6538367739869608,0.33570436526469627,1.5112284484380618,0.8027098151960582,0.5663223628158097,0.2363874523802485,True
ESTM,ZT,ZT,757,0.1145436380472424,0.8911350539978512,0.153191844554045,0.1066596138408043,0.1049507949836518,0.4194421637400792,0.1028833211857136,0.1261842362470766,-8.374837072692042,ZT,ZT,forward,1,0.9877175649816728,0.7875125351944829,2.166636862728298,3.4715667464897244,5.380729736022568,5186,0.5223254849257927,5186,0.8301327350471785,0.3191590195099935,1.4692585012491828,0.8909773710339969,0.6899329859933636,0.20104438504063327,True
ESTM,ZT,ZT,860,0.1128593991637349,0.8944335820300631,0.1525331790338179,0.1045031606546225,0.1029949933353268,0.4345965178400703,0.1109799974769547,0.1319523655405345,-8.740438015354801,ZT,ZT,forward,1,1.0151452777555603,0.8060285280545159,2.2020010596166077,3.5936384951147105,5.173136915480942,5186,0.5455765153170256,5186,0.831451044469012,0.32530751336540087,1.5171801255241024,0.7475983017342454,0.6836029065549265,0.06399539517931885,True
ESTM,ZT,ZT,894,0.1107833571187892,0.8981098157632244,0.1528396109633526,0.1028797563024495,0.1000476639311042,0.4642773276644225,0.1067820325417581,0.1470536815815822,-9.690709387127017,ZT,ZT,forward,1,1.0133003319681333,0.8051891157900046,2.1886187621656026,3.6425389658767937,5.036775973082887,5186,0.5710593602061812,5186,0.8213741797064565,0.33558645289438466,1.5062248156967275,0.8509088382944718,0.6546063734791975,0.19630246481527436,True
ESTM,ZT,ZT,982,0.1096411580198602,0.9000206198629663,0.1494354429171669,0.1010049047317563,0.0994406645967805,0.4467328944031152,0.1183641199689785,0.1408816273981934,-9.30352579934628,ZT,ZT,forward,1,1.0237259715956737,0.8163937807760442,2.232381492437104,3.690303814411572,5.853548699203346,5186,0.5650970143720944,5186,0.80902720421006,0.3366321262617136,1.5082022843731826,0.790795748597605,0.612103494760666,0.1786922538369391,True
ESTM,ZT,ZT,1008,0.1129277812069233,0.8941221390670818,0.1561335898685562,0.1038167295087044,0.1009960345647008,0.4673805003578805,0.1213615001900948,0.1611017960276627,-10.565820486952958,ZT,ZT,forward,1,1.0175537736838227,0.8146609725265145,2.187339075077638,3.7562088825408337,7.34114950491225,5186,0.5887420005479754,5186,0.8083150311690864,0.3312201939390391,1.529216124182522,0.8477099666373562,0.7203559407277733,0.1273540259095829,True
ESTM,ZT,ZT,1101,0.1118475401857087,0.8960557492948323,0.1517425130632261,0.1048600037851373,0.1032203119040445,0.4400918078511842,0.0930690251375927,0.1158066330036327,-7.713382223104571,ZT,ZT,forward,1,1.022691004674773,0.8002367693669672,2.2265533108601936,3.622034634265147,5.3457239543148525,5186,0.5331608329887773,5186,0.8331624536844032,0.34721128452744937,1.519778458841298,0.7807919916938683,0.6716368478620749,0.10915514383179337,True
ESTM,ZT,ZT,1165,0.110460895558337,0.8986678611968854,0.150688460224673,0.1037198111185293,0.1017054382056837,0.4480332098968249,0.0908442451234702,0.1191389067877295,-7.9262958247783954,ZT,ZT,forward,1,1.0082831631511358,0.8050942552265496,2.201527612318242,3.6247021213874167,4.722127927070014,5186,0.5388774550202946,5186,0.8282586407064897,0.3289338886247294,1.50042442638929,0.8326749977027963,0.6928466826210764,0.1398283150817199,True
ESTM,ZT,ZT,1255,0.1109184895080963,0.8979746988427492,0.1510498364831056,0.100695431971848,0.0992085751296312,0.4455247473454658,0.1395016376949446,0.1609631439617243,-10.557224886848394,ZT,ZT,forward,1,1.0146216809150277,0.8157529323154656,2.212138829194733,3.5578214272387845,5.414053005150817,5186,0.5850263850404102,5186,0.8191216287164496,0.34076536889428344,1.5128774732784258,0.8232820275800744,0.7332735321374125,0.09000849544266187,True
ESTM,ZT,ZT,1308,0.1084082186995717,0.9025219878835072,0.1474110937604084,0.0988264250245401,0.0978568478285264,0.4433709666716781,0.1335053769721392,0.1477294187348524,-9.732999026841329,ZT,ZT,forward,1,1.0164011937356932,0.8170518069283605,2.2067471035431003,3.649257063038092,5.81204622215038,5186,0.5768763436438175,5186,0.8201141298631895,0.33083435773696956,1.501801543769207,0.8994268890258589,0.6292082923909735,0.27021859663488534,True
ESTM,ZT,ZT,1333,0.1128166001460079,0.8942099221209396,0.1496370813265835,0.1046873591910482,0.1020379977945678,0.4074883660009357,0.1078921155145448,0.1448728699426999,-9.554092516075062,ZT,ZT,forward,1,0.9925303180579712,0.7865980277009446,2.16901135278201,3.5570415322795994,5.121576577296965,5186,0.51538048151548,5186,0.8094856094335176,0.33071185586589347,1.48451777646682,0.8544389216471162,0.734606699593027,0.11983222205408917,True
ESTM,ZT,ZT,1454,0.1179416189816018,0.8844493597350825,0.1562299361989027,0.1224855630822797,0.1066858350605242,0.4055980205765244,-0.0545388109036668,0.1447042645211246,-9.543521632370844,ZT,ZT,forward,1,1.0170928414425058,0.8068939082701181,2.189383310809907,3.75870295478099,6.55039731255048,5186,0.35105920967285703,5186,0.6857601161026041,0.33969510768570466,1.490937879161098,0.7955105944405089,0.6221297906312379,0.173380803809271,True
ESTM,ZT,ZT,1483,0.1131977324053315,0.8936034799849185,0.1514278043262257,0.1041785145115167,0.1019588688798533,0.4197850710714602,0.1197872873049355,0.1508577847006035,-9.928523554901956,ZT,ZT,forward,1,1.037054389282373,0.8268266576209762,2.253252718754,3.698038400997216,5.591322800275003,5186,0.5395723583763956,5186,0.8187514451418463,0.34775841080090675,1.5280866434155398,0.811151699792641,0.6083912992600612,0.20276040053257982,True
ESTM,ZT,ZT,1568,0.1122722838945515,0.895064853671833,0.1535922034433755,0.1030097589766402,0.1006542185168132,0.4521031640082565,0.1242207982171791,0.1575941823891882,-10.348115291437576,ZT,ZT,forward,1,1.0089289714350929,0.8055207362579568,2.1758332742360555,3.6495870066009126,5.28977527644003,5186,0.5763239622254356,5186,0.8137578712030217,0.33638792413419544,1.5014830018599425,0.8585065780531546,0.7387253153816252,0.11978126267152933,True
ESTM,ZT,ZT,1600,0.1100642322664431,0.8993278886636524,0.1516286727255752,0.1006063962802775,0.0979990744584936,0.4621968801385573,0.1296236796849522,0.1675056813302842,-10.961924286849287,ZT,ZT,forward,1,1.0152743858298576,0.8118031879835325,2.222335470265594,3.657095819973051,5.455530642168683,5186,0.5918205598235095,5186,0.785811807305465,0.33755722226977736,1.5136636873554683,0.9219729206110673,0.66364214035252,0.2583307802585473,True
ESTM,ZT,ZT,1721,0.1123968834666346,0.8949234851041687,0.1519322867946162,0.1032260328025753,0.1013930602708535,0.4348264531957024,0.1227951800453679,0.1486431210110685,-9.790149741160493,ZT,ZT,forward,1,0.9969868567878992,0.796578627148941,2.156679857797243,3.529195273915008,5.766705699499631,5186,0.557621633241071,5186,0.8209095993221283,0.3331634576596284,1.488725863016488,0.8803277496500461,0.7240940550110934,0.15623369463895276,True
ESTM,ZT,ZT,1785,0.1109598479478288,0.8978680978731947,0.1534371543768715,0.1029756744518632,0.1003023775318446,0.4676101539046807,0.1077341404539168,0.1456819123149167,-9.60479904496192,ZT,ZT,forward,1,1.0157727262808942,0.8113523759925814,2.2089839845498567,3.777487278007054,5.95952141507636,5186,0.5753442943585975,5186,0.8122603853788468,0.3334709657972839,1.4958476460948589,0.914912693212419,0.678892218697153,0.23602047451526598,True
ESTM,ZT,ZT,1864,0.1100224828131009,0.8985615047104686,0.1506089012892992,0.1023936978905024,0.1001811357983723,0.4530086737917786,0.1036714415924073,0.1351874916389482,-8.944850873295064,ZT,ZT,forward,1,1.0124363975266126,0.7993490299949264,2.202250079300219,3.7305329262793703,5.2254684407407685,5186,0.556680115384186,5186,0.8223179281420367,0.32991450930305855,1.5003828591683934,0.7897988691066637,0.6805727718118078,0.109226097294856,True
ESTM,ZT,ZT,1904,0.1097877730911449,0.899252539526252,0.1506624041620526,0.0992088327943497,0.0981260966397811,0.4566020637293874,0.1461769144292964,0.1620086149878981,-10.622017482477196,ZT,ZT,forward,1,1.017157383588104,0.8130760246248554,2.2389650829334853,3.5973031652940737,6.981230457895355,5186,0.6027789781586845,5186,0.8207776787035721,0.3329159849254391,1.506938360397065,0.8541378649426207,0.7547903641858995,0.09934750075672116,True
ESTM,ZT,ZT,1949,0.1141111633969991,0.8916997955295605,0.1573325895273501,0.1075537197805492,0.1052009029644174,0.4633776022469258,0.0853825144427921,0.1172928484674511,-7.808403811976261,ZT,ZT,forward,1,1.0013209849667275,0.8005993004032339,2.2121607128433274,3.676256680269471,5.52444628950204,5186,0.548760116689718,5186,0.8159866363455248,0.3222839572153649,1.4964868929281603,0.8233967045501654,0.7546522100256347,0.0687444945245308,True
ESTM,ZT,ZT,2010,0.1129975390406186,0.8930347946292595,0.1525358871492647,0.1042962010160363,0.1022656459454421,0.432857353059905,0.1156047439871172,0.1439697701641927,-9.497457366145625,ZT,ZT,forward,1,1.0243254717946666,0.8136273000627277,2.231561517894363,3.653561633380395,4.902933760735942,5186,0.5484620970470232,5186,0.8162098953371809,0.3375447582328034,1.5448470082913723,0.8211659048961684,0.7221470073047924,0.09901889759137594,True
ESTM,ZT,ZT,2024,0.1137999425360538,0.8922949499097204,0.1567549855587259,0.1054612302955236,0.1014867367348248,0.4620114992162519,0.1097870969462674,0.1652086347143014,-10.8200457107682,ZT,ZT,forward,1,1.021099115615738,0.8099121667390843,2.219748671932737,3.671508632111872,7.673459789926462,5186,0.5717985961625198,5186,0.7835237525585276,0.33098554384783785,1.5181608885769327,0.8815186812107488,0.7067729771804651,0.17474570403028378,True
ESTM,ZT,ZT,2133,0.1122048976540807,0.895117400247241,0.1537150349168164,0.1029882631577409,0.1009601140177448,0.4541226325880897,0.1236557167563723,0.1523502050868994,-10.021651346274377,ZT,ZT,forward,1,1.0091002994845728,0.8120001097729563,2.202415773565529,3.608405279429794,5.464366566379141,5186,0.5777783493444621,5186,0.8234906040684309,0.3311042243865084,1.495428318153591,0.9065612378154561,0.6917511317529322,0.21481010606252382,True
ESTM,ZT,ZT,2152,0.1107925527480549,0.898147264232942,0.151961143368892,0.1066279439302528,0.1002269181669311,0.4558415625244612,0.0552753356019991,0.1445908811967054,-9.536412257916194,ZT,ZT,forward,1,1.015967364607666,0.8015662161742956,2.208794412122326,3.653756093778509,5.263554846596537,5186,0.5111168981264614,5186,0.7871891713822387,0.3371422211150296,1.5116514705564446,0.832211248531527,0.7179941650200338,0.11421708351149318,True
ESTM,ZT,ZT,2256,0.1105333494427661,0.8981778201114192,0.1538088046866606,0.1026463408978867,0.1001112591831001,0.4766563754437643,0.1067995167175495,0.1428774779236305,-9.428910199688213,ZT,ZT,forward,1,0.991009570307426,0.7902072655917154,2.1451027532650486,3.518190879369086,5.042650786363306,5186,0.5834558921613138,5186,0.8081967492618161,0.3299608248696551,1.4806471238569416,0.7562328487836896,0.6624442554565325,0.09378859332715705,True
ESTM,ZT,ZT,2267,0.1139265599735284,0.8922369302825462,0.1553438316589786,0.1082710161567386,0.1055104371365799,0.4473608313137426,0.0734570359616298,0.110718407241685,-7.387322884939285,ZT,ZT,forward,1,1.0024364986907928,0.7947966538065279,2.1713792289258382,3.5081829447650428,5.558108206372492,5186,0.520817867275373,5186,0.8223853390303901,0.32756388945577275,1.4957889786379346,0.8632745166948611,0.7095334736414306,0.1537410430534305,True
ESTM,ZT,ZT,2352,0.1116689091562744,0.8964527573083104,0.1527921727648954,0.1020522369154771,0.1004628841845699,0.4523430721519106,0.1299197611458838,0.1525649677690194,-10.03504471958464,ZT,ZT,forward,1,1.007968873606946,0.79467675185251,2.2119671840299286,3.6019638823036035,5.046479251016399,5186,0.582262833297795,5186,0.8143707245509952,0.3356830179188923,1.4994998900113554,0.8246444564122797,0.7267090815006884,0.09793537491159132,True
ESTM,ZT,ZT,2431,0.1099691780657673,0.8993335153173087,0.1534761699759375,0.1018279829073178,0.0986698650097515,0.4809154429839127,0.1109651481379504,0.1564177845599545,-10.27498182195945,ZT,ZT,forward,1,1.010252872850058,0.806386356991698,2.186836140840371,3.663147132300468,5.513268997960396,5186,0.5918805911218631,5186,0.8017894611069862,0.3307157348466534,1.4993222555304928,0.8362917208624902,0.744997261889046,0.09129445897344413,True
ESTM,ZT,ZT,2504,0.1123264005032963,0.8954272486733545,0.1557421409174199,0.1023135470763646,0.1009668061196468,0.4714623138759256,0.1346998684137278,0.1538159796930448,-10.113022702366504,ZT,ZT,forward,1,1.0011143623641914,0.7980164951596175,2.160927492126053,3.751553903787096,5.4319696844907615,5186,0.6061621822896531,5186,0.8157704327008791,0.3310359202301998,1.4839182662142183,0.9001148755158825,0.7092604196734508,0.19085445584243177,True
ESTM,ZT,ZT,2556,0.1130886747839591,0.8938377721133127,0.1526752075653078,0.1031342095328087,0.1025694874605986,0.4330113480625869,0.1329315056431061,0.1408528390149991,-9.301715970636382,ZT,ZT,forward,1,0.9837655477598112,0.7840698741163818,2.1409739729506896,3.499800578119788,4.903557625508198,5186,0.5659428537056936,5186,0.8254726097866265,0.3246075351594859,1.4635845518300814,0.8202071499327581,0.5501855464710184,0.27002160346173976,True
ESTM,ZT,ZT,2666,0.1132250376276901,0.8935497625077171,0.1514008823321469,0.105799577142355,0.1033652562734676,0.4191805942340333,0.0978591575053958,0.1314416786851566,-8.708128132086612,ZT,ZT,forward,1,1.0048266810005069,0.7952750608567056,2.2035851609421373,3.645462467455246,5.454883107481693,5186,0.5170397517394287,5186,0.8261592566883575,0.33472444396928014,1.4924147318373455,0.92202499724951,0.6835065045844063,0.23851849266510372,True
ESTM,ZT,ZT,2683,0.1113150658582367,0.8972542329196634,0.1521861005040177,0.1026436615571529,0.1006397620889664,0.4511877338758805,0.1170043254136319,0.1454484496042876,-9.590169746533329,ZT,ZT,forward,1,1.0172942921529204,0.8106995420764173,2.211159038715005,3.616484114170292,6.715045451536444,5186,0.5681920592895126,5186,0.8193102895028097,0.33280114087641777,1.5212824280131083,0.8584321441413405,0.7778728815662301,0.08055926257511037,True
ESTM,ZT,ZT,2739,0.114809938022828,0.8899829451520912,0.1555137528208471,0.1062898539269249,0.1045011033800046,0.4377946423432989,0.111243639428728,0.1357293528862171,-8.97904381829182,ZT,ZT,forward,1,1.0105173374386418,0.7954735924958516,2.1871894003990136,3.617415620545032,5.468074272743116,5186,0.5490382817720267,5186,0.8350397527066503,0.3291333664023667,1.501992380159551,0.8686901258646111,0.7123012385477605,0.15638888731685063,True
ESTM,ZT,ZT,2854,0.1109654496846979,0.8968515131492195,0.1548421212056491,0.1023630069392573,0.1004119962776234,0.4806874290791387,0.1164161148520471,0.1441789083240368,-9.51057598294016,ZT,ZT,forward,1,1.0415422507993135,0.830317630970723,2.262357429526085,3.688534914266681,5.38543363732503,5186,0.5971035439311861,5186,0.812985216519863,0.34490476645686124,1.5597772239641938,0.8442442876005347,0.6209546386912965,0.2232896489092382,True
ESTM,ZT,ZT,2926,0.113059721692817,0.8940341684519163,0.1550433808233968,0.1071572535736674,0.1037099584005395,0.4555868843473236,0.077355540097853,0.1245306200304201,-8.269756153903163,ZT,ZT,forward,1,1.0017079718119024,0.7933638341341906,2.1652269434305604,3.5788603683701385,4.889773190797019,5186,0.5329424244451764,5186,0.8160934672219373,0.3422334335478097,1.4892040586817852,0.8295910467791145,0.6818124145459732,0.14777863223314136,True
ESTM,ZT,ZT,3000,0.1099037343207278,0.8997741917276324,0.1523149632682223,0.1016536016501666,0.0994546526001593,0.4708172705267578,0.1125790754964432,0.1441296385229543,-9.507485605607668,ZT,ZT,forward,1,1.0133554410345316,0.800627168515577,2.205993730250927,3.668810926681428,5.475258191511752,5186,0.5833963460232012,5186,0.8101833323257587,0.3408418922177264,1.4937551130088722,0.8527770678239747,0.6460431111266295,0.20673395669734518,True
ESTM,log10 electrical conductivity,log10_electrical_conductivity,4,0.325951448228421,0.882274330477002,1.0423771288055863,0.3270208250899241,0.3064767475570196,1.6771483442664683,-0.004725425985963,0.0888794647144237,-5.974724388324814,log10 electrical conductivity,lg sigma_elec,inverse,2,1.10657067412093,0.4241508679299322,1.34282670578424,8.128528217054582,535.9989507074026,5186,1.672422918280505,5186,0.7778929776639386,0.30690493807551616,0.6591877400501097,0.706690112899272,0.6683304827376834,0.03835963016158861,True
ESTM,log10 electrical conductivity,log10_electrical_conductivity,34,0.3234483246500896,0.8842283493193525,1.0507722477914327,0.3053283409968197,0.2970230198457653,1.69984285748281,0.0831737314131794,0.1229604931593034,-8.169869122961614,log10 electrical conductivity,lg sigma_elec,inverse,2,1.15823186978993,0.4251271030738989,1.34096444494986,10.945380662361964,584.1735419895175,5186,1.7830165888959895,5186,0.792935518138889,0.3062932620584476,0.6639732890997658,0.7515385288414659,0.7154655940827773,0.03607293475868856,True
ESTM,log10 electrical conductivity,log10_electrical_conductivity,42,0.3041716060817904,0.8980604838952106,1.0602790415785217,0.2866562869965813,0.2754833764569733,1.801486608365809,0.0855635653157083,0.1429202215268564,-9.431593564687612,log10 electrical conductivity,lg sigma_elec,inverse,2,1.01829095323648,0.4240488854184591,1.3102939402344949,9.19487342367636,277.54935774341175,5186,1.8870501736815177,5186,0.7369854193079707,0.30700168005169953,0.6579718831635906,0.6812566188539869,0.6714200919123707,0.009836526941616186,True
ESTM,log10 electrical conductivity,log10_electrical_conductivity,83,0.3079030967432689,0.8955040277201082,1.0762125934712383,0.3088024193538907,0.2921077712772413,1.805414811416841,-0.0042076782397252,0.0759756370535388,-5.129966419011966,log10 electrical conductivity,lg sigma_elec,inverse,2,1.949040734776452,0.4220403294146941,1.3055283999447602,9.80107689176845,2996.1796914043925,5186,1.8012071331771156,5186,0.7203491059075448,0.30540892839831585,0.6588657042712345,0.5976570261437151,0.5974776008306798,0.0001794253130352752,True
ESTM,log10 electrical conductivity,log10_electrical_conductivity,99,0.3090067279906671,0.8939078046147136,1.018330781510237,0.2777498889643029,0.271007521819631,1.7204961087713684,0.1538519153406433,0.1893053560439705,-12.297209972782133,log10 electrical conductivity,lg sigma_elec,inverse,2,0.9671977500219772,0.4270662023014443,1.3712596704887463,10.371563807735326,257.5508380498962,5186,1.8743480241120118,5186,0.7748423700213906,0.30871634660500447,0.6802275512442741,0.7876325509699528,0.7770515884808323,0.010580962489120438,True
ESTM,log10 electrical conductivity,log10_electrical_conductivity,134,0.3186689323877189,0.8873164449670794,1.08815128266469,0.3074193838970886,0.2928092906373329,1.771748864307896,0.0518502400105036,0.122097044945677,-8.114892643165772,log10 electrical conductivity,lg sigma_elec,inverse,2,1.2261005860772445,0.4240194597383606,1.3381873897430658,10.604886254337291,573.1071217497632,5186,1.8235991043184,5186,0.7644899031911172,0.3081359604072104,0.6560156099186031,0.8151107134257165,0.7900774572100115,0.025033256215704958,True
ESTM,log10 electrical conductivity,log10_electrical_conductivity,178,0.3140890673460959,0.8913138676667117,1.039892846451856,0.3034249738669968,0.2849416392239886,1.727189244206025,0.049833893518741,0.1405072656128637,-9.27998811559706,log10 electrical conductivity,lg sigma_elec,inverse,2,1.8591813263282484,0.4184537292616339,1.3070888695184504,10.723328716472396,2259.301198397736,5186,1.7770231377247658,5186,0.7681261145924079,0.3045180545303231,0.6535011741101822,0.7949614194688168,0.7663224145166183,0.02863900495219851,True
ESTM,log10 electrical conductivity,log10_electrical_conductivity,237,0.3101431318905168,0.8938968203937381,1.0589990510932232,0.2879399785899748,0.2835090357483206,1.7716952146749512,0.1071660652139775,0.1295394606331237,-8.587678850034376,log10 electrical conductivity,lg sigma_elec,inverse,2,1.0229053680698712,0.4358543302211453,1.3306767538148814,9.88860842410394,251.5133698591576,5186,1.8788612798889288,5186,0.7629526830655223,0.31299066262734504,0.671496596881601,0.6967021981234905,0.6979972998759884,-0.001295101752497807,False
ESTM,log10 electrical conductivity,log10_electrical_conductivity,325,0.3115104478038712,0.8930257560466348,1.0354918062059204,0.2867412635250448,0.2780646194139664,1.7329636816541112,0.1195310201980429,0.1638603611714643,-10.736663449234474,log10 electrical conductivity,lg sigma_elec,inverse,2,1.087984561925738,0.4335702960690735,1.3516903916817131,10.596975799409138,246.91931816016225,5186,1.8524947018521543,5186,0.7588635153150273,0.31206801697268854,0.6776931778216722,0.7651031229574233,0.7453583739022871,0.019744749055136235,True
ESTM,log10 electrical conductivity,log10_electrical_conductivity,365,0.2954746457854866,0.9037721563029576,1.0288968736452604,0.2883507798667652,0.2640776611680674,1.799992142689891,0.0352094160425158,0.1620720739746607,-10.625948813291163,log10 electrical conductivity,lg sigma_elec,inverse,2,1.274029377410404,0.4302132148123865,1.3299949582357633,9.721233032403676,509.4437944151359,5186,1.8352015587324069,5186,0.7162366393736694,0.31036175675684397,0.6698120326814669,0.7740158596034153,0.7501424445939776,0.023873415009437737,True
ESTM,log10 electrical conductivity,log10_electrical_conductivity,421,0.3302718259368052,0.8796986195085008,1.0394890228624891,0.3093872656248287,0.2999525666737507,1.6541487133305144,0.0942400880858244,0.1389195281843931,-9.18009254257608,log10 electrical conductivity,lg sigma_elec,inverse,2,1.0649786334498257,0.432053051897155,1.371406798756607,11.031627087876393,237.69521672074256,5186,1.7483888014163391,5186,0.7903553329440082,0.3147348691997561,0.6648096881284258,0.7661402727861615,0.749668291699255,0.016471981086906506,True
ESTM,log10 electrical conductivity,log10_electrical_conductivity,482,0.3070843117681121,0.8961471251925031,1.097927483442993,0.2936089382760763,0.2780739077780332,1.838076054189023,0.0647389217058258,0.143166430101099,-9.44704853955074,log10 electrical conductivity,lg sigma_elec,inverse,2,1.0566572665508958,0.4270654824943616,1.2974488517897975,10.005837288438585,670.3801085393703,5186,1.9028149758948494,5186,0.705313057020531,0.31061677678449845,0.6555223552182717,0.7166062650327725,0.6982339000757766,0.0183723649569959,True
ESTM,log10 electrical conductivity,log10_electrical_conductivity,540,0.3215977753593517,0.8857019316575817,1.0035842498703216,0.3209056974276667,0.2935982950331056,1.641832402681417,0.0031080230018987,0.1314138364911214,-8.706366297142331,log10 electrical conductivity,lg sigma_elec,inverse,2,1.3496376617910932,0.4288969435430706,1.3589479667138018,12.557014753871853,505.80788053258766,5186,1.6449404256833158,5186,0.7243255921711618,0.31178393761564405,0.6708604868831158,0.7163466193588294,0.6948533321246211,0.02149328723420829,True
ESTM,log10 electrical conductivity,log10_electrical_conductivity,639,0.3134083215350893,0.8909072599627001,1.0446008882049544,0.3120066664005805,0.2944477955322968,1.7368364440305435,0.0064666320323182,0.0900316139609545,-6.049783844258783,log10 electrical conductivity,lg sigma_elec,inverse,2,1.411498703672556,0.4262389453053177,1.3066785643451442,8.942211643036707,2261.90844826875,5186,1.7433030760628616,5186,0.7832568432047523,0.3084327902245443,0.6579987447755673,0.7237070563465398,0.6824937510462519,0.041213305300287884,True
ESTM,log10 electrical conductivity,log10_electrical_conductivity,673,0.301165645232189,0.8990783041067671,1.0429816641012233,0.2758429970247274,0.2667824914755666,1.7920846826729395,0.1267098528702903,0.174893219553836,-11.416691877360083,log10 electrical conductivity,lg sigma_elec,inverse,2,1.2453919918923593,0.4274737357272477,1.3699064999956012,11.375069990939828,262.5210115931157,5186,1.9187945355432299,5186,0.741362961457489,0.30878074384792054,0.6679969738671101,0.7434458253494737,0.7333876451664595,0.010058180183014187,True
ESTM,log10 electrical conductivity,log10_electrical_conductivity,757,0.3205922321841025,0.8866844012147183,1.0079852945926693,0.3340724944132998,0.3025466985646776,1.6526632165121635,-0.0594217344239563,0.0835816281661167,-5.628811869983852,log10 electrical conductivity,lg sigma_elec,inverse,2,1.484315667475707,0.4229757600476848,1.319056246179073,9.946394198511518,1611.8816086577956,5186,1.5932414820882077,5186,0.7299904676628345,0.30688541392901103,0.6532729962062173,0.8235710884662422,0.7959823370961351,0.02758875137010708,True
ESTM,log10 electrical conductivity,log10_electrical_conductivity,860,0.3133931034730804,0.8914595426070124,1.0157712693519283,0.2974964617599128,0.2832729148895445,1.6965302363100916,0.075100922226217,0.1457807670474402,-9.61099279139792,log10 electrical conductivity,lg sigma_elec,inverse,2,0.9873920616484132,0.4207911916484946,1.3472569925929698,9.309645453478478,144.06689003464885,5186,1.7716311585363083,5186,0.7753587019801437,0.3045315288704584,0.6526719826086941,0.7523465937885002,0.7249447721291115,0.02740182165938876,True
ESTM,log10 electrical conductivity,log10_electrical_conductivity,894,0.304085959959504,0.8980423606004028,1.0503039011455806,0.2924804947428239,0.2783291245724659,1.7882557142842883,0.0561387909290322,0.1276873255368221,-8.470248146434711,log10 electrical conductivity,lg sigma_elec,inverse,2,1.258137639488479,0.4258463230364431,1.3276279835613904,11.594396320314871,740.0776065604013,5186,1.8443945052133208,5186,0.7551401920656479,0.309339378125861,0.6656300084196316,0.7593035288138515,0.7568948705179289,0.0024086582959226277,True
ESTM,log10 electrical conductivity,log10_electrical_conductivity,982,0.3064705189221084,0.8962072698578246,1.0468450964102878,0.3150997667061559,0.2786331369106948,1.7722277748641917,-0.0400603863596191,0.1373814567951924,-9.083216914083891,log10 electrical conductivity,lg sigma_elec,inverse,2,1.6328732544362132,0.4328542267689134,1.335881602237284,13.928617386705376,1267.389337974508,5186,1.7321673885045725,5186,0.7112659511708178,0.31306319279468664,0.6703878400428948,0.7882596706114673,0.7578463277643523,0.030413342847114944,True
ESTM,log10 electrical conductivity,log10_electrical_conductivity,1008,0.3050401346944553,0.8974317897294922,1.0636977160302157,0.2786605382072482,0.2733677498105709,1.802017242485589,0.1304903598452043,0.1581560202251702,-10.383022193328472,log10 electrical conductivity,lg sigma_elec,inverse,2,1.1876499770006954,0.4228334831863833,1.3127432097713998,11.503142394831704,370.04544947095184,5186,1.9325076023307934,5186,0.7708592375224967,0.30619526283580306,0.6594684765831058,0.7492483597392434,0.7325127416871706,0.016735618052072798,True
ESTM,log10 electrical conductivity,log10_electrical_conductivity,1101,0.3056580252441727,0.8962819513581355,1.0414976976341557,0.2882842514427445,0.2724058036964382,1.768669298536837,0.084426419853781,0.1661610056918597,-10.878896937573046,log10 electrical conductivity,lg sigma_elec,inverse,2,0.978897466845491,0.4280961035503735,1.3549335361941302,11.357252521092558,132.19257550711282,5186,1.8530957183906183,5186,0.7642786691924448,0.30971384496182397,0.6685683219030754,0.8039484708964042,0.7870557354662605,0.01689273543014369,True
ESTM,log10 electrical conductivity,log10_electrical_conductivity,1165,0.3133360236765406,0.8916417763213649,1.0466472364356314,0.2931172772908834,0.2797627506373001,1.7399927276798142,0.0962326355892017,0.1635067574397095,-10.714782374942766,log10 electrical conductivity,lg sigma_elec,inverse,2,1.2965595409694803,0.4281392381398508,1.4009394483938238,10.962420000901096,559.6361921614151,5186,1.8362253632690162,5186,0.768137641642493,0.3096835178281573,0.6796208523717425,0.8425466336957219,0.8066337621857402,0.03591287150998168,True
ESTM,log10 electrical conductivity,log10_electrical_conductivity,1255,0.3003334173055487,0.900088806261997,1.07995131752458,0.2860208053932918,0.2643926795310514,1.8463293656700897,0.0704449150223672,0.1838827764380544,-11.966945968564149,log10 electrical conductivity,lg sigma_elec,inverse,2,2.414411647613225,0.4238607143485536,1.3462908151952382,11.267560141819514,6708.789244418946,5186,1.9167742806924573,5186,0.7126763254540903,0.3073924952013797,0.6628269367967159,0.7463613235964776,0.7265082639812341,0.019853059615243418,True
ESTM,log10 electrical conductivity,log10_electrical_conductivity,1308,0.3128501229105457,0.8916316014548054,1.0528018257144678,0.3046813853252757,0.2851021218825561,1.7506903200883188,0.0381703103544041,0.1339928942097807,-8.86942308663361,log10 electrical conductivity,lg sigma_elec,inverse,2,1.8977564426768856,0.4320654330385478,1.375363723949332,11.201042438481847,2991.518249879777,5186,1.788860630442723,5186,0.7710620640668168,0.31353143645142445,0.6689133917003225,0.7826049012860621,0.7564028161222033,0.0262020851638588,True
ESTM,log10 electrical conductivity,log10_electrical_conductivity,1333,0.306999433712051,0.896207032041794,1.0829664663746623,0.2853994452529111,0.2769098568660199,1.8186806716301316,0.1052534638494797,0.1488195857160124,-9.80118317555383,log10 electrical conductivity,lg sigma_elec,inverse,2,1.4101374294008493,0.4210521265187208,1.3301654455011849,10.470800003487444,682.3432736992212,5186,1.9239341354796113,5186,0.7879288194933528,0.30582976510377313,0.6612477403300774,0.8051310832157808,0.7835232648393243,0.021607818376456422,True
ESTM,log10 electrical conductivity,log10_electrical_conductivity,1454,0.3091270697384194,0.8946108170139122,1.0967968258827732,0.2814825300597458,0.2721071582970678,1.8270244018704505,0.1351546084947486,0.1840250841824114,-11.975629139394885,log10 electrical conductivity,lg sigma_elec,inverse,2,1.659661126753853,0.4223693302838142,1.3800222885172846,10.556387968163394,1907.0924607289448,5186,1.9621790103651993,5186,0.7542521253908004,0.30726321607090973,0.657911293078554,0.7154716021462361,0.6822660200176514,0.03320558212858471,True
ESTM,log10 electrical conductivity,log10_electrical_conductivity,1483,0.302296656879911,0.8987604433779618,1.0584318603481953,0.2914373970005453,0.2793710736705008,1.8078914653151368,0.0527790094977311,0.1137823736352086,-7.583803091318153,log10 electrical conductivity,lg sigma_elec,inverse,2,1.2378771959876562,0.4288665565760964,1.3681477977581564,10.855437727517328,459.6223044445206,5186,1.860670474812868,5186,0.7620236876299356,0.3142464729812594,0.6678995092825408,0.8409843591503636,0.8224722813530365,0.01851207779732711,True
ESTM,log10 electrical conductivity,log10_electrical_conductivity,1568,0.2995252271295713,0.9011705342884654,1.0349767979854356,0.2834508936522423,0.2680340529086666,1.7888490034919784,0.0795786996442021,0.1602612149472843,-10.51369680033062,log10 electrical conductivity,lg sigma_elec,inverse,2,2.0781688234602465,0.4245155739250589,1.3864671336787442,8.8907931953117,4886.8716231280605,5186,1.8684277031361805,5186,0.7191107164859896,0.30767278981993573,0.6646248524465781,0.7077223326958204,0.6926392793489207,0.015083053346899744,True
ESTM,log10 electrical conductivity,log10_electrical_conductivity,1600,0.3068997641969564,0.8962978988843009,1.0891760289607824,0.2742805987257514,0.2631178820047952,1.8273976939723569,0.1621149607543618,0.2220582371195688,-14.26585722759427,log10 electrical conductivity,lg sigma_elec,inverse,2,1.0090488257071195,0.4249842593703908,1.3521029857889864,9.67670875031148,149.7010092685604,5186,1.9895126547267188,5186,0.7073670906974052,0.3083139730225188,0.6648324071232223,0.8089509947532532,0.7973182949045647,0.011632699848688421,True
ESTM,log10 electrical conductivity,log10_electrical_conductivity,1721,0.309791375404981,0.8927815146630369,1.0401037706876597,0.2914673920642547,0.2793412730795306,1.7473585874309063,0.0879624892014739,0.1492682303839041,-9.829228552810376,log10 electrical conductivity,lg sigma_elec,inverse,2,0.974117514761932,0.4266369508177884,1.341368006791042,10.819193800800653,211.5799750220812,5186,1.8353210766323804,5186,0.7481785048807015,0.306984328768497,0.6642128485439207,0.7920522735989719,0.778365813471722,0.013686460127249944,True
ESTM,log10 electrical conductivity,log10_electrical_conductivity,1785,0.3041992838335592,0.897757312289236,1.0685183383754702,0.2843933110177758,0.2718395447112691,1.812523006679414,0.0971292236690753,0.1622614152283923,-10.637677615308116,log10 electrical conductivity,lg sigma_elec,inverse,2,1.2215770951029945,0.4263898948635353,1.3337719346841852,11.379794671112275,357.0116828319676,5186,1.9096522303484893,5186,0.7491444979374967,0.310585770697861,0.6650926167123645,0.7052313458069004,0.6820263991233444,0.023204946683555994,True
ESTM,log10 electrical conductivity,log10_electrical_conductivity,1864,0.3135284908275738,0.8916065617905309,1.052426360355301,0.2859534358266389,0.2797803809943208,1.747050835503407,0.1328163088428783,0.1643017488336418,-10.763969087521565,log10 electrical conductivity,lg sigma_elec,inverse,2,1.668797876457413,0.4268379277891274,1.3876242059364672,10.7252154466398,2020.6626609330383,5186,1.8798671443462853,5186,0.767088927445699,0.3099120104929279,0.6622070883389802,0.6894236143193204,0.6685591214811281,0.02086449283819236,True
ESTM,log10 electrical conductivity,log10_electrical_conductivity,1904,0.3179438766844918,0.8885715114996872,1.0806230591707389,0.3102605497719042,0.2903365270146157,1.7650193435572326,0.0352918570118885,0.1310460363455614,-8.683088964557072,log10 electrical conductivity,lg sigma_elec,inverse,2,1.1556372613185013,0.4266966373245182,1.3111944269908,11.5054196356427,643.8796079287214,5186,1.8003112005691213,5186,0.7735772826346269,0.3069486095428347,0.6622468417950166,0.7731726737264923,0.7528529776030236,0.020319696123468733,True
ESTM,log10 electrical conductivity,log10_electrical_conductivity,1949,0.3171814176393395,0.8888238961794402,1.0757091102721643,0.293621839385448,0.2813272326478661,1.761907844740192,0.1113489731096473,0.1730590387488603,-11.30399922489861,log10 electrical conductivity,lg sigma_elec,inverse,2,1.2123039148557753,0.4206460789072326,1.3090681672259314,10.75627512469038,737.2283772020176,5186,1.873256817849839,5186,0.759049025957561,0.3075785825106664,0.6584327294031639,0.7590771617316382,0.7376106323729161,0.021466529358722064,True
ESTM,log10 electrical conductivity,log10_electrical_conductivity,2010,0.3021035308724118,0.8995152318890014,1.061232989062062,0.2723802707207232,0.2642372665528174,1.8126264774604617,0.1494208372203076,0.1932090952313274,-12.534201176081783,log10 electrical conductivity,lg sigma_elec,inverse,2,1.2466009752806666,0.42356817545292,1.3653225098482165,9.94279137464196,430.01255890366,5186,1.9620473146807693,5186,0.7472288928416255,0.30510758707518265,0.6670936684590665,0.7793651002804521,0.749083773889665,0.030281326390787178,True
ESTM,log10 electrical conductivity,log10_electrical_conductivity,2024,0.3001709897103625,0.9007835449659978,1.0735640987636046,0.3053587056043768,0.2677793667235997,1.838551873775699,-0.024720423025786,0.1647397525918807,-10.791057129810511,log10 electrical conductivity,lg sigma_elec,inverse,2,1.066751366016904,0.4227583309576342,1.3345905900056678,9.913533328026125,212.39267004982528,5186,1.813831450749913,5186,0.6657244420910261,0.3079526344340212,0.6622740366947548,0.7694048849679365,0.7519570705832019,0.017447814384734528,True
ESTM,log10 electrical conductivity,log10_electrical_conductivity,2133,0.3107999002211294,0.8922584282440317,1.0787439502274074,0.3000631257554283,0.2847264225391814,1.7952945228600057,0.0507200010829629,0.1264096595609851,-8.389152526560373,log10 electrical conductivity,lg sigma_elec,inverse,2,1.0886197405307576,0.424482571981586,1.304106862260569,8.89366850449813,561.4725360814073,5186,1.8460145239429686,5186,0.7779818408616171,0.3085038021860883,0.6604612486566189,0.7421358837343037,0.7218908708608898,0.02024501287341396,True
ESTM,log10 electrical conductivity,log10_electrical_conductivity,2152,0.3191451753764416,0.8878200927765686,1.0528698833742662,0.3124301506432491,0.2994019086529935,1.7220424116916209,0.0306791527539676,0.0921294198168448,-6.1862964715541535,log10 electrical conductivity,lg sigma_elec,inverse,2,0.98678284882473,0.4318590155007796,1.38119160550101,11.123157694958412,164.97219510938518,5186,1.7527215644455885,5186,0.7792168264331183,0.3136946074062531,0.6738077913902103,0.7999765651006607,0.7815845176061105,0.018392047494550257,True
ESTM,log10 electrical conductivity,log10_electrical_conductivity,2256,0.3244551432017431,0.8837821197742893,1.077412127237526,0.2908941148281859,0.2897479671879809,1.7314792685599334,0.1575249264230554,0.1632204959158357,-10.69706452216157,log10 electrical conductivity,lg sigma_elec,inverse,2,1.0977267043377212,0.4219236133546271,1.340719498867306,10.055914361014962,508.8674041452177,5186,1.8890041949829892,5186,0.8108696292609255,0.3066550607144805,0.6512264123428562,0.694425457090935,0.6641319126049162,0.03029354448601873,True
ESTM,log10 electrical conductivity,log10_electrical_conductivity,2267,0.3114392537138293,0.8929426197847449,1.039767137495401,0.2913360061859684,0.2763630575472188,1.7392377658967697,0.0962667777208606,0.172386014411549,-11.262612451171872,log10 electrical conductivity,lg sigma_elec,inverse,2,1.1524728910531152,0.4268311044848121,1.3530641294030423,9.287510849569248,570.8223706901506,5186,1.8355045436176305,5186,0.7390852676314226,0.3086143536610418,0.6660388284451362,0.8026454694617381,0.7732699206849166,0.02937554877682147,True
ESTM,log10 electrical conductivity,log10_electrical_conductivity,2352,0.3200304201458291,0.8865808357426257,0.998192972735738,0.3020231699952334,0.2860629460406545,1.6411097018736454,0.0835498139285331,0.1618764091142085,-10.613826676131763,log10 electrical conductivity,lg sigma_elec,inverse,2,1.133580292613183,0.4273938689069075,1.407499370483442,10.170833650573131,524.2132186469687,5186,1.7246595158021785,5186,0.746302575120688,0.3090062332958788,0.6790402523238825,0.801053928317481,0.77952360557086,0.021530322746621033,True
ESTM,log10 electrical conductivity,log10_electrical_conductivity,2431,0.3070068482305351,0.896234831308251,1.0818881180340016,0.2917896175795493,0.2792927108162082,1.817208570102128,0.0733422869673998,0.1364929157406691,-9.027204954567004,log10 electrical conductivity,lg sigma_elec,inverse,2,1.453291006782863,0.4194224097507084,1.3512957092686404,13.337477524882669,1688.0873814708316,5186,1.8905508570695277,5186,0.7520157982227652,0.30480359199235385,0.6602379500792444,0.7526230483330373,0.730276162525508,0.022346885807529304,True
ESTM,log10 electrical conductivity,log10_electrical_conductivity,2504,0.3117139824600827,0.8928903293415974,1.0404966236630186,0.2935060691980745,0.2831934142031206,1.7389775075751572,0.0868325348680511,0.1384351556959895,-9.149595418169698,log10 electrical conductivity,lg sigma_elec,inverse,2,11.353502669442625,0.4183414853031895,1.3393656785431842,12.001502502905687,51762.9688018611,5186,1.8258100424432082,5186,0.7469167589458138,0.3041582231962333,0.6518886771672703,0.7837350225215787,0.7732065109674123,0.010528511554166342,True
ESTM,log10 electrical conductivity,log10_electrical_conductivity,2556,0.3289320680438165,0.8804316552338891,1.0773176445648005,0.3003569905405603,0.2985045869312629,1.711582117348375,0.1311114236785787,0.1400365647286315,-9.25038452270952,log10 electrical conductivity,lg sigma_elec,inverse,2,1.0823872527221825,0.4185496442160006,1.26988583890772,10.909945605424038,524.2532147605076,5186,1.842693541026954,5186,0.7997708090019546,0.3041986973618215,0.6485444693092639,0.7408628289250404,0.7201748796458588,0.020687949279181606,True
ESTM,log10 electrical conductivity,log10_electrical_conductivity,2666,0.3041447835704984,0.8979483408494754,1.0255100197039049,0.2865178900297329,0.2764401012286134,1.7535114220084365,0.0861330376275637,0.1377913479902042,-9.10904406008437,log10 electrical conductivity,lg sigma_elec,inverse,2,1.2104613485904046,0.4206432551588956,1.3233043301681442,10.85243203070762,649.4203734810276,5186,1.8396444596360007,5186,0.7364735576560385,0.30348844464883556,0.6573221774856344,0.8654479159192079,0.8411829101220036,0.024265005797204253,True
ESTM,log10 electrical conductivity,log10_electrical_conductivity,2683,0.2993852407210602,0.9009089491952674,1.0420625261641607,0.2940874741175012,0.2728035991291707,1.7993668398673943,0.0257577625435163,0.1341404221473582,-8.878741493023668,log10 electrical conductivity,lg sigma_elec,inverse,2,1.2491200254349244,0.4281366008626133,1.4211694155810233,10.646809715029232,846.651537347405,5186,1.825124602410911,5186,0.7307242406016311,0.3109845136981482,0.6768317058037762,0.7463785229918185,0.7109176979970402,0.03546082499477832,True
ESTM,log10 electrical conductivity,log10_electrical_conductivity,2739,0.3070427399494098,0.8957646759813603,1.0741327068631188,0.2858405096900973,0.2753738785147648,1.806660850351616,0.1032290992966072,0.157047776413053,-10.314154127162531,log10 electrical conductivity,lg sigma_elec,inverse,2,1.171808500374496,0.4223757620001538,1.2605257747225136,9.035041194964233,1160.0339927335438,5186,1.9098899496482236,5186,0.761810390440413,0.30571450473656275,0.6544758903145691,0.7811541240892351,0.7600633985708305,0.02109072551840463,True
ESTM,log10 electrical conductivity,log10_electrical_conductivity,2854,0.3025725761973517,0.899035924075949,1.0797653740463804,0.2826468809777177,0.2730293898722833,1.835364718973371,0.0982804572905859,0.1482249777378582,-9.76399999509504,log10 electrical conductivity,lg sigma_elec,inverse,2,1.3384202520814736,0.4396263193924302,1.35733662006087,11.121741878102307,863.9538219201089,5186,1.933645176263957,5186,0.7492776475867833,0.31667046778494845,0.6729810035527772,0.8441258484496615,0.8229363465812729,0.021189501868388638,True
ESTM,log10 electrical conductivity,log10_electrical_conductivity,2926,0.3222586336727826,0.8832536401754895,1.0540031545454345,0.3147302356009867,0.2951191449832664,1.709588269203142,0.0341032279696648,0.1269214961469978,-8.42164828299784,log10 electrical conductivity,lg sigma_elec,inverse,2,1.2363947793565384,0.4199784275803839,1.3448733832622746,10.62053462849432,1147.1311894589658,5186,1.743691497172807,5186,0.7928895698337765,0.3054649931721929,0.6575975190028756,0.7871662130233171,0.7574773249607625,0.029688888062554653,True
ESTM,log10 electrical conductivity,log10_electrical_conductivity,3000,0.3010020231103855,0.9001696498779309,1.02887939775304,0.2829038562074663,0.2682543108284225,1.7732287947838494,0.089461341770356,0.1661718285554976,-10.879565507090804,log10 electrical conductivity,lg sigma_elec,inverse,2,1.499731709063603,0.4235476832945245,1.3556462525065849,10.404432791061677,2441.336720605648,5186,1.862690136554206,5186,0.7310174471942458,0.30515523884491946,0.6616220715987691,0.8137694569811613,0.7955437266937947,0.018225730287366626,True
ESTM,log10 thermal conductivity,log10_thermal_conductivity,4,0.0827316019759023,0.9536138404824134,0.4229920284894495,0.0801551663299851,0.0757536740588336,2.354120052038303,0.0456430070894561,0.1271226569930146,-8.43441653541438,log10 thermal conductivity,lg kappa_thermal,inverse,3,2.3084553963342227,1.3177417471327717,3.016824222944128,16.97895749345348,290.8651460126767,5186,2.3997630591277597,5186,0.7654592814803179,1.1195080535497013,1.7479113536095474,0.6227192516433533,0.6146742719138902,0.008044979729463053,True
ESTM,log10 thermal conductivity,log10_thermal_conductivity,34,0.0880234768328633,0.9477188594281372,0.4002548244227919,0.0826878841486302,0.0802420945411834,2.184958529319064,0.0902124039319826,0.1335290929808086,-8.84012148992367,log10 thermal conductivity,lg kappa_thermal,inverse,3,2.7292849881332746,1.3031116872197122,2.966467160610125,19.23142147754737,1458.1272292396677,5186,2.2751709332510477,5186,0.7920875877215398,1.0968316862593621,1.7346764785642548,0.5878444431793222,0.6143329254356724,-0.026488482256350254,False
ESTM,log10 thermal conductivity,log10_thermal_conductivity,42,0.0866165851818821,0.949622185426006,0.413332263103185,0.0807027708749967,0.0785258905945347,2.2545867781855256,0.1020250876425762,0.141474895783516,-9.340814545341525,log10 thermal conductivity,lg kappa_thermal,inverse,3,2.2106313894891545,1.3012469002265457,2.997292084047641,18.05758646475575,529.1383342771152,5186,2.356611865828103,5186,0.7807320850918728,1.0962404881158656,1.730419831224245,0.6372604469344476,0.5858861541701473,0.05137429276430028,True
ESTM,log10 thermal conductivity,log10_thermal_conductivity,83,0.088109644740921,0.947822325565966,0.4225584500825821,0.0852578930924414,0.0814956051790751,2.261779060368395,0.0474665458159353,0.1125776883384993,-7.506601100587762,log10 thermal conductivity,lg kappa_thermal,inverse,3,4.1140797784544505,1.308475014896424,2.9427129157711702,17.586870557182714,7350.485530175894,5186,2.3092456061843314,5186,0.7767235056246434,1.1084213069676667,1.7476208369619708,0.7003534424803817,0.6610384488112102,0.03931499366917146,True
ESTM,log10 thermal conductivity,log10_thermal_conductivity,99,0.0874339783260944,0.948701978264988,0.3983466012937622,0.0838566709184129,0.0799468782662507,2.187758316294568,0.0602684876286383,0.1291523434165818,-8.563146963208935,log10 thermal conductivity,lg kappa_thermal,inverse,3,2.161918012389138,1.3001778680324705,3.0368816349873446,18.58047606826953,110.61163734761428,5186,2.2480268039232074,5186,0.7983791082423712,1.0957827642417817,1.7450670500261942,0.6881827167798005,0.665996325415307,0.02218639136449352,True
ESTM,log10 thermal conductivity,log10_thermal_conductivity,134,0.084546700333807,0.951980714380648,0.4103705386103348,0.0817605723542626,0.0778734829825728,2.2791068047341665,0.0483431549045571,0.1186162966813255,-7.892936477576318,log10 thermal conductivity,lg kappa_thermal,inverse,3,2.4299592384244977,1.296884560255653,2.976822513911842,18.231612481991515,1412.7045258450712,5186,2.3274499596387233,5186,0.7678060075768741,1.092631453309012,1.7333638401561224,0.5642471364189082,0.5163984367847744,0.04784869963413385,True
ESTM,log10 thermal conductivity,log10_thermal_conductivity,178,0.0861337621608786,0.9500975801207244,0.4078197411669031,0.0799670766353863,0.0780966316513719,2.243280861042414,0.1071726987425196,0.1413185213345651,-9.330987417564716,log10 thermal conductivity,lg kappa_thermal,inverse,3,2.451251211241188,1.2888829633738248,2.9709062419419787,19.92866168421489,249.4521266562716,5186,2.3504535597849356,5186,0.782403341278042,1.0896814518342297,1.7255597705338608,0.6483807556874442,0.6036804049449751,0.04470035074246914,True
ESTM,log10 thermal conductivity,log10_thermal_conductivity,237,0.0878074934870271,0.9481493769518272,0.4139460882560171,0.08619912417764,0.0814602302691242,2.2370269157806444,0.0266708535856655,0.108248172025416,-7.228612235515674,log10 thermal conductivity,lg kappa_thermal,inverse,3,2.3838746380172293,1.3206822313377296,2.979821302453217,18.627677016882444,352.1206286401353,5186,2.2636977693663103,5186,0.7884210065623088,1.1110625355856385,1.7573416625351324,0.6985114818680551,0.6806360522353027,0.01787542963275246,True
ESTM,log10 thermal conductivity,log10_thermal_conductivity,325,0.0881651357039929,0.9476684082630336,0.4022731116695729,0.0806762768921571,0.0789982253529834,2.189895140186879,0.1280637577902417,0.1583880203428276,-10.397432361230162,log10 thermal conductivity,lg kappa_thermal,inverse,3,2.198468032678952,1.313738992835745,2.9982837069534707,19.23361493016821,309.47177604348207,5186,2.3179588979771206,5186,0.7887479855929312,1.1001287620461722,1.7506102007969115,0.7086242776677599,0.678934091457983,0.029690186209776925,True
ESTM,log10 thermal conductivity,log10_thermal_conductivity,365,0.0851381437953538,0.9511971540859726,0.4036858276553766,0.0811055110861784,0.0780213686591891,2.245355396939027,0.0700056881293087,0.1259363299431909,-8.35909125910862,log10 thermal conductivity,lg kappa_thermal,inverse,3,2.6118606976212173,1.3098405087245726,2.9898044169375977,22.0418448487724,481.216433823244,5186,2.315361085068336,5186,0.7613636678833883,1.1017610180271145,1.7401541984219195,0.6299217394406382,0.5992518497954682,0.030669889645170034,True
ESTM,log10 thermal conductivity,log10_thermal_conductivity,421,0.0865600930077693,0.9496743777764368,0.4013081363813371,0.0816357343909458,0.0790409521374883,2.2129364521125225,0.0845012483080154,0.131101723406354,-8.686613668039978,log10 thermal conductivity,lg kappa_thermal,inverse,3,2.3671317060517425,1.3041840905155064,3.0796260513090568,23.67345455663791,562.9645341222508,5186,2.2974377004205384,5186,0.781652577515903,1.0912828109443127,1.7287154306616905,0.6440964564577875,0.6342514492581673,0.009845007199620115,True
ESTM,log10 thermal conductivity,log10_thermal_conductivity,482,0.0858154607308294,0.9505643306195276,0.4263529623041859,0.0820751262944271,0.0787734863041475,2.312738784665258,0.0642925259650576,0.1235274637709249,-8.205950730451617,log10 thermal conductivity,lg kappa_thermal,inverse,3,2.2249762898831347,1.304683430464778,2.931267830764277,19.08178031967152,363.04853261569633,5186,2.3770313106303163,5186,0.7604813185682029,1.1005826849426805,1.728548453750079,0.543543702027182,0.5383010402493233,0.005242661777858704,True
ESTM,log10 thermal conductivity,log10_thermal_conductivity,540,0.0855738982498565,0.9507692512535296,0.4062498513525876,0.0801847935483276,0.0771975744408319,2.247124567143069,0.0938421466884952,0.1486152943739956,-9.78840976084503,log10 thermal conductivity,lg kappa_thermal,inverse,3,2.556948978770205,1.3075195903625412,3.028746762737613,21.69602076854162,506.1677619064965,5186,2.3409667138315653,5186,0.7793322990366869,1.098755193036264,1.7629869739502115,0.6203903726620817,0.59059261319093,0.029797759471151708,True
ESTM,log10 thermal conductivity,log10_thermal_conductivity,639,0.0857998375413569,0.9504588865425442,0.4100537719587507,0.0831717839931521,0.0792854490866525,2.2567662872397314,0.0448807386034808,0.1139187973591145,-7.592541712639478,log10 thermal conductivity,lg kappa_thermal,inverse,3,2.236990243661017,1.3060915101194994,2.9872745473514177,17.968062138187765,460.4087108570552,5186,2.3016470258432125,5186,0.7799111409941616,1.1031188434689372,1.7291979850503927,0.6399943119785062,0.5917535881809377,0.0482407237975685,True
ESTM,log10 thermal conductivity,log10_thermal_conductivity,673,0.0840692324739193,0.952442338305274,0.4031099343383968,0.0813545922941401,0.0767792218140169,2.261523530836897,0.0473541165312101,0.1308619637940465,-8.671437154090722,log10 thermal conductivity,lg kappa_thermal,inverse,3,2.601743694350977,1.309577241248775,3.0302005663619687,19.70700902897115,644.9585860405406,5186,2.3088776473681074,5186,0.7613968921142463,1.1023996752816376,1.747711005016374,0.6630203838666819,0.6338611896401792,0.029159194226502705,True
ESTM,log10 thermal conductivity,log10_thermal_conductivity,757,0.0860967624944812,0.9501058141984808,0.4007379302707429,0.0794315641418708,0.0776225921476262,2.218628174906548,0.1162465761469479,0.1494823771952101,-9.842612081259404,log10 thermal conductivity,lg kappa_thermal,inverse,3,2.967217705132801,1.2870430735667535,2.972234453258805,18.298282756475423,3966.7643662165065,5186,2.3348747510534964,5186,0.7924290674805917,1.0825578667038964,1.7112078784423956,0.684343026380612,0.6044396013359572,0.07990342504465475,True
ESTM,log10 thermal conductivity,log10_thermal_conductivity,860,0.090937849827701,0.9443864158200164,0.4084721914074678,0.0856362102708258,0.0835641280107787,2.167285065804364,0.0866599404310435,0.1219971304910301,-8.108528880871068,log10 thermal conductivity,lg kappa_thermal,inverse,3,2.247963069738939,1.3058974458046082,3.0013622568150065,16.72715492268401,358.8343402697731,5186,2.253945006235407,5186,0.8146308867661313,1.102045156089638,1.7233420368723258,0.6215663012265725,0.5839302057377427,0.037636095488829846,True
ESTM,log10 thermal conductivity,log10_thermal_conductivity,894,0.0847958317909395,0.9516154519874428,0.4093214665946168,0.0791996412308484,0.0767182681580423,2.2711690751766884,0.0984994546602822,0.1444231964117441,-9.525897042689737,log10 thermal conductivity,lg kappa_thermal,inverse,3,2.4861028205863818,1.3086421764554186,3.038812732392011,18.39913784506245,811.3152280828862,5186,2.369668529836972,5186,0.7675327047004207,1.10565642700217,1.7500882217263878,0.6804309716410071,0.6421959966460309,0.03823497499497619,True
ESTM,log10 thermal conductivity,log10_thermal_conductivity,982,0.0878173604747417,0.9481677935481284,0.4082812084979001,0.0832691397138543,0.0803024307614005,2.216985090618866,0.0767242530605434,0.1290625131451002,-8.557453415492521,log10 thermal conductivity,lg kappa_thermal,inverse,3,2.3975859712711083,1.3228424821644076,3.0464063062747218,19.4331996303755,325.5163463206653,5186,2.2937093436794096,5186,0.7873980651651732,1.1104486951822068,1.7511648851470902,0.6181103030337357,0.597762989297503,0.020347313736232664,True
ESTM,log10 thermal conductivity,log10_thermal_conductivity,1008,0.0866426551138071,0.9496118576535448,0.4189789976566416,0.0805316279495241,0.0801080828524948,2.273728567844905,0.1055219563572328,0.1131296372224101,-7.541980624588351,log10 thermal conductivity,lg kappa_thermal,inverse,3,2.1676267125075106,1.3122318128892967,2.9028203263729777,18.057799610411056,298.29708450048963,5186,2.3792505242021393,5186,0.7866680859614337,1.106057243019621,1.7277651870394921,0.5000205543814,0.48476939140658615,0.015251162974813881,True
ESTM,log10 thermal conductivity,log10_thermal_conductivity,1101,0.0874879633971891,0.9486094245026084,0.406071363516762,0.0828928311371001,0.0805261045585668,2.2145768412390545,0.0778372066820926,0.1196279995996002,-7.957504744985233,log10 thermal conductivity,lg kappa_thermal,inverse,3,2.382489635868569,1.311620686877422,3.035927224933252,20.75047940212589,327.8868465232464,5186,2.2924140479211483,5186,0.7911574928367523,1.1046130079870071,1.7625932305971053,0.6035249952864936,0.5818205199772191,0.02170447530927455,True
ESTM,log10 thermal conductivity,log10_thermal_conductivity,1165,0.088179804149127,0.9478217431469697,0.417126181734552,0.0835773576626613,0.0810642844708696,2.241963690837597,0.0773361247724604,0.1213818448645924,-8.069330326730839,log10 thermal conductivity,lg kappa_thermal,inverse,3,2.5036291373266346,1.2982307881951258,2.988013891311458,18.752495432293543,784.5871532277221,5186,2.3192998156100577,5186,0.7930879489514436,1.0900117328215684,1.7414595746290413,0.6384042396787794,0.60988624717363,0.028517992505149303,True
ESTM,log10 thermal conductivity,log10_thermal_conductivity,1255,0.0860028178285218,0.9502150083494,0.4221141159693984,0.0835510433224265,0.078825161585895,2.2951772407401108,0.0417260859028344,0.1257277072571678,-8.34583845489586,log10 thermal conductivity,lg kappa_thermal,inverse,3,2.158024671017332,1.2994033181769375,2.979893407741109,17.593231954499,128.32501935886208,5186,2.336903326642946,5186,0.7721337821381649,1.096946398256524,1.7247487160128219,0.6761234244874651,0.6390633928212989,0.03706003166616623,True
ESTM,log10 thermal conductivity,log10_thermal_conductivity,1308,0.0869381490780261,0.949027982359008,0.4018150765515194,0.082567203481182,0.0802403557528852,2.2084704106873785,0.0744205382899254,0.1156613785364249,-7.704090087229387,log10 thermal conductivity,lg kappa_thermal,inverse,3,3.0295076803658314,1.3151889105776935,3.0201269355023026,20.3090288337898,2144.836170265116,5186,2.282890948977305,5186,0.8044491450615106,1.1080675284248171,1.740401531196568,0.6445621271118275,0.6057356489815634,0.038826478130264075,True
ESTM,log10 thermal conductivity,log10_thermal_conductivity,1333,0.0855019492863882,0.9508115128718956,0.4140747086601351,0.0780929690234756,0.0767369540221215,2.275861870515808,0.1307646476976321,0.156035811060245,-10.251222735178125,log10 thermal conductivity,lg kappa_thermal,inverse,3,2.2210924153236515,1.291571123871639,2.93651048436292,20.35065314194453,269.7058494614292,5186,2.4066265182134408,5186,0.7834081564641551,1.0875050883987998,1.7279134412438428,0.653108248319599,0.6134812950626923,0.03962695325690668,True
ESTM,log10 thermal conductivity,log10_thermal_conductivity,1454,0.0861636407351598,0.9501881867875738,0.4045676884553441,0.0808656866963554,0.0792244716878745,2.2312299854682167,0.0915515489760372,0.1211330764562279,-8.053477067681204,log10 thermal conductivity,lg kappa_thermal,inverse,3,2.151002451731428,1.307464163381372,3.00329298730055,19.0249749691548,128.86658818384566,5186,2.322781534444255,5186,0.7816883470850094,1.1094573876598015,1.7259595514941974,0.5007404400338779,0.47557650352044745,0.025163936513430407,True
ESTM,log10 thermal conductivity,log10_thermal_conductivity,1483,0.0884028351143184,0.947374353770686,0.4112942632962612,0.0829447338202835,0.0810281978878094,2.218006406089791,0.0919422511085517,0.1256685835815752,-8.342082261244709,log10 thermal conductivity,lg kappa_thermal,inverse,3,2.5409892076953757,1.3303900253746548,3.096880067602587,21.10203828558327,641.290517795736,5186,2.309948657198344,5186,0.7901304282816878,1.1282534405081277,1.762592786544858,0.6727369490579359,0.6197849638593439,0.05295198519859201,True
ESTM,log10 thermal conductivity,log10_thermal_conductivity,1568,0.0847585060737936,0.9513950101732092,0.405880345970856,0.0802534625864588,0.0778277315161597,2.2596244172349693,0.0787945198858953,0.1230738526730588,-8.177084376168375,log10 thermal conductivity,lg kappa_thermal,inverse,3,2.55378171764958,1.3118905026238594,3.076693765204186,18.58271985933974,919.1866579704928,5186,2.3384189371208652,5186,0.789952037687129,1.1052177971405506,1.7526897766801572,0.6316417810288311,0.59730050837053,0.034341272658301114,True
ESTM,log10 thermal conductivity,log10_thermal_conductivity,1600,0.0860459246939308,0.950189896425118,0.4239722828768094,0.0830173788084159,0.0790241928835661,2.300791181812825,0.0516934839856678,0.1228124697906601,-8.160446686279855,log10 thermal conductivity,lg kappa_thermal,inverse,3,2.423570363491777,1.3050064383608146,2.904810579587714,18.334178621036607,369.2529920578893,5186,2.352484665798494,5186,0.7843452949946501,1.1022153638930448,1.7377143051751989,0.660343049558111,0.6062106386873062,0.05413241087080478,True
ESTM,log10 thermal conductivity,log10_thermal_conductivity,1721,0.0870638584033428,0.9490264278746988,0.4113860398315652,0.0840115396443908,0.0806018177552632,2.2403469751202905,0.0514864503744885,0.1112615821731386,-7.422185010619165,log10 thermal conductivity,lg kappa_thermal,inverse,3,2.175612856146808,1.2990940268020883,2.9719828245471573,19.39568767199379,284.1516254498009,5186,2.2918334254947794,5186,0.7869745798512926,1.079834071869627,1.7286008679595088,0.6089189837064117,0.5881272655878471,0.020791718118564617,True
ESTM,log10 thermal conductivity,log10_thermal_conductivity,1785,0.0867145646834139,0.9493922438456752,0.4147708916596329,0.0849352942681065,0.0793467283429411,2.257968414622397,0.0299101503908015,0.1281035921181445,-8.496653782870256,log10 thermal conductivity,lg kappa_thermal,inverse,3,2.244501588077255,1.2990421664280472,3.014378929412828,18.97396475428388,287.26448137041547,5186,2.2878785650131985,5186,0.7624591140651981,1.0963149443517832,1.7480111260240812,0.6405813087134284,0.6147258934576844,0.025855415255744085,True
ESTM,log10 thermal conductivity,log10_thermal_conductivity,1864,0.0866138230920199,0.9495459083129596,0.4070686859567966,0.081374594359111,0.0788188965544942,2.23260305075141,0.0900188428931655,0.1360557373226608,-8.999633383281358,log10 thermal conductivity,lg kappa_thermal,inverse,3,2.965683003922176,1.3088653698350603,3.095375621219095,20.50820573552903,3244.998409525524,5186,2.3226218936445764,5186,0.7856872670924886,1.0998421548490815,1.7310638443708122,0.6873830452229023,0.5941545222145466,0.09322852300835571,True
ESTM,log10 thermal conductivity,log10_thermal_conductivity,1904,0.085907816988793,0.9502564587064404,0.4158397003953553,0.0790152957416733,0.0777489825083493,2.2751661822454863,0.1206574556172976,0.1439656171414492,-9.49719684008279,log10 thermal conductivity,lg kappa_thermal,inverse,3,2.2652980451254803,1.3141378009176428,2.99799066922869,23.18163015222789,168.12870786978743,5186,2.3958236378627853,5186,0.7802297553857953,1.1148529990155072,1.753617956013258,0.6287495814386582,0.6146694715348192,0.014080109903839011,True
ESTM,log10 thermal conductivity,log10_thermal_conductivity,1949,0.0860094128475726,0.9503516115551798,0.4180004073680815,0.0803774073242157,0.0779918614999513,2.2809378865709338,0.0977045144430228,0.1411709709320466,-9.321713847564729,log10 thermal conductivity,lg kappa_thermal,inverse,3,2.478455394929684,1.3023266105018043,2.9812353552164854,20.552140373224105,688.0095851009614,5186,2.378642401013958,5186,0.7816759539861223,1.0997327837405924,1.7348986334526875,0.7319887644511881,0.6968724921350217,0.03511627231616643,True
ESTM,log10 thermal conductivity,log10_thermal_conductivity,2010,0.0873336210963913,0.948741916934924,0.4222957599009541,0.0834670631304633,0.0808884871815141,2.2736446969916075,0.0653301504244119,0.1106027804036356,-7.379900013264784,log10 thermal conductivity,lg kappa_thermal,inverse,3,2.353940184079152,1.3195123532718904,2.9662734206166825,18.619002662978797,1055.2605682941598,5186,2.338974847416021,5186,0.8042285408189014,1.118550630325173,1.7497227657220724,0.6662143398546206,0.6275938380018271,0.03862050185279353,True
ESTM,log10 thermal conductivity,log10_thermal_conductivity,2024,0.0853499865965123,0.9511215189412024,0.4166320254385903,0.0780925276987012,0.0772273153955465,2.287310908117468,0.1282064163223962,0.1442797059378845,-9.516898039322896,log10 thermal conductivity,lg kappa_thermal,inverse,3,2.3477561014630943,1.3121869736481282,2.973314250199909,16.048149386425646,371.3953506677399,5186,2.415517324439865,5186,0.7683167722230775,1.1135611336187876,1.7430640432720579,0.6720592519009111,0.6283220159087984,0.043737235992112655,True
ESTM,log10 thermal conductivity,log10_thermal_conductivity,2133,0.0867069799116804,0.9491371520885492,0.4132776477630542,0.082816659308127,0.0794266174871645,2.252891297076526,0.0662271272033849,0.1265255699989569,-8.396512520597167,log10 thermal conductivity,lg kappa_thermal,inverse,3,2.544609270789828,1.2992286385819258,2.992139801721608,19.109988874551536,1383.0509731023224,5186,2.319118424279911,5186,0.7806729218373906,1.0874484975151002,1.717023645340761,0.6609046127113251,0.6008876826681918,0.06001693004313324,True
ESTM,log10 thermal conductivity,log10_thermal_conductivity,2152,0.0833349296044804,0.9531342492895516,0.407604955184689,0.0787610501483607,0.0757679047092475,2.290178361119461,0.0814389766581379,0.1373344719218384,-9.080255939672742,log10 thermal conductivity,lg kappa_thermal,inverse,3,2.351100456471898,1.3161774716967594,3.1535298290355387,21.18567555561804,405.7998703935923,5186,2.3716173377775998,5186,0.7536466428760391,1.0993790413300382,1.7547657521261146,0.6673227114856526,0.6385810602402123,0.02874165124544026,True
ESTM,log10 thermal conductivity,log10_thermal_conductivity,2256,0.0842752651289867,0.9521974099044488,0.4185460999573065,0.0797346669689102,0.0771160900597289,2.3122053683743387,0.0799021466138046,0.1280773550250431,-8.494989672593057,log10 thermal conductivity,lg kappa_thermal,inverse,3,2.267900161999147,1.2825586785343606,2.966492303251473,15.879852659016631,1268.739745635887,5186,2.392107514988144,5186,0.7701685308076716,1.0806282340732019,1.7265520800409986,0.6561438453746504,0.625934696317611,0.03020914905703942,True
ESTM,log10 thermal conductivity,log10_thermal_conductivity,2267,0.0860074108913364,0.9503355403923496,0.4058288159789793,0.0828723126867382,0.0787566809934094,2.23833842650776,0.053570792552759,0.1270586623550759,-8.430354806387207,log10 thermal conductivity,lg kappa_thermal,inverse,3,2.7822764179860453,1.296808154977335,3.029069488903372,21.49861417269702,1394.7029115452474,5186,2.29190921906052,5186,0.7574635866728553,1.0890650475848982,1.7283961130942975,0.6454894076207489,0.6105193893994885,0.034970018221260446,True
ESTM,log10 thermal conductivity,log10_thermal_conductivity,2352,0.0880402040924444,0.9479448214041506,0.4108194848806083,0.0845366847793012,0.0812187845742713,2.2222702145318016,0.0585849534141864,0.1163490519201639,-7.74807326776571,log10 thermal conductivity,lg kappa_thermal,inverse,3,2.6027144178403887,1.3147048674305546,3.1009267233863995,22.89927656453627,312.126789083001,5186,2.2808551679459894,5186,0.8025027737629028,1.1072876208403573,1.7695450216970312,0.6696595066557318,0.6307234221162136,0.038936084539518245,True
ESTM,log10 thermal conductivity,log10_thermal_conductivity,2431,0.0851109613690734,0.951335854009225,0.4093257192883945,0.0811172762425393,0.0776465475274612,2.26583246645918,0.0693357370442132,0.1324231692446037,-8.770214460677595,log10 thermal conductivity,lg kappa_thermal,inverse,3,2.388175360075812,1.2971551737266602,2.922789551926425,22.1669430859114,512.2368692705807,5186,2.3351682035033923,5186,0.7536691500277436,1.102735262539456,1.7320768372154314,0.5491061329444762,0.5261092461500826,0.0229968867943936,True
ESTM,log10 thermal conductivity,log10_thermal_conductivity,2504,0.0890723560867274,0.946569543960246,0.4050607532988155,0.0847363441548051,0.0820572920598907,2.185088646836355,0.0719968690810515,0.1183462106151423,-7.875691555757625,log10 thermal conductivity,lg kappa_thermal,inverse,3,2.404516945593307,1.2890195088960743,3.0091961533483524,18.95511024466745,639.4321843427109,5186,2.2570855159174084,5186,0.8006124179020448,1.0983539670330515,1.7167148329418902,0.6443043535900065,0.6158030204632146,0.028501333126791928,True
ESTM,log10 thermal conductivity,log10_thermal_conductivity,2556,0.0867521810687567,0.9494826631208484,0.4254977328519071,0.0827951511557541,0.0802446053219735,2.294179510335903,0.0673537497772795,0.1124956233718638,-7.501339639663374,log10 thermal conductivity,lg kappa_thermal,inverse,3,2.207817327086974,1.276005718309531,2.8161823119861467,19.097226135748294,264.61405614475893,5186,2.361533260113183,5186,0.7801005113664757,1.0726837592745482,1.698057462238817,0.5627417974535475,0.5536522081532044,0.009089589300343093,True
ESTM,log10 thermal conductivity,log10_thermal_conductivity,2666,0.0844340807906462,0.952138593054988,0.411524167000894,0.0821289975586079,0.0780625920656412,2.285079808334584,0.0399337537204338,0.1131940745991873,-7.546110131527395,log10 thermal conductivity,lg kappa_thermal,inverse,3,2.3783974558887024,1.2941385620663874,2.9454615055140687,17.054890519062184,860.8640957996057,5186,2.325013562055017,5186,0.7548089375257807,1.0912439854832514,1.7123428852420561,0.6436105996076406,0.6078447463538428,0.035765853253797775,True
ESTM,log10 thermal conductivity,log10_thermal_conductivity,2683,0.0852459910025742,0.9509458606873444,0.4069961825067258,0.0806458434600029,0.077874875287896,2.2553113695857703,0.0800318099986595,0.130474040095251,-8.646876677702753,log10 thermal conductivity,lg kappa_thermal,inverse,3,2.295232918424602,1.3152643774231976,3.0464207635485536,20.36133023854531,604.0379808925476,5186,2.3353431795844313,5186,0.7788302731299455,1.1108640189053658,1.7517527587979935,0.6750209501151472,0.6431061230526862,0.03191482706246096,True
ESTM,log10 thermal conductivity,log10_thermal_conductivity,2739,0.0892581478021581,0.946499285428842,0.4223144076957898,0.0884775966066693,0.0835888449850619,2.2422616924068386,0.0126716725688457,0.0946734434470317,-6.351580171327642,log10 thermal conductivity,lg kappa_thermal,inverse,3,2.7095919661982384,1.306576261587824,2.927280310635989,16.3799262464857,2848.388119982533,5186,2.2549333649756846,5186,0.7974288566013535,1.1041551215842196,1.7317377609387052,0.6374964792658023,0.605855367369171,0.031641111896631324,True
ESTM,log10 thermal conductivity,log10_thermal_conductivity,2854,0.0878962542144928,0.947800202369298,0.4180904727901657,0.0832261678396186,0.0805214616224255,2.249941578515706,0.0787644752292772,0.1264283245666025,-8.390337743028986,log10 thermal conductivity,lg kappa_thermal,inverse,3,2.310711148298732,1.3378548256501492,3.018715099885706,19.44299789743268,249.99411444726115,5186,2.3287060537449835,5186,0.8055908230266732,1.1231191153640312,1.7755452334171693,0.6401993122625596,0.6049476725953354,0.03525163966722411,True
ESTM,log10 thermal conductivity,log10_thermal_conductivity,2926,0.086573493012621,0.9497074328896026,0.4041310196238027,0.0813777538699665,0.0786349996867078,2.2228258170653774,0.0892909088715948,0.13875378440386,-9.169658113200963,log10 thermal conductivity,lg kappa_thermal,inverse,3,2.507708601645567,1.2953451226545374,3.008498865400358,22.97124019123925,386.0718699103895,5186,2.3121167259369724,5186,0.7833555548779889,1.0938830188505877,1.7348876833205853,0.6649559093895869,0.6558642134056503,0.009091695983936665,True
ESTM,log10 thermal conductivity,log10_thermal_conductivity,3000,0.0859637789895304,0.9502616512436768,0.410120409076008,0.0820521218642583,0.0796853565863392,2.2542467286663497,0.0671882631480855,0.1094142742989327,-7.30356724307788,log10 thermal conductivity,lg kappa_thermal,inverse,3,2.4727996883662007,1.3052659773506017,3.0212628979220275,20.414447431127844,423.4433429513947,5186,2.3214349918144364,5186,0.7837078712101733,1.102501229600592,1.7388818666930175,0.6340331711959717,0.5912489526223207,0.042784218573651,True
PV,FF,FF_fraction,4,0.0922726323923906,0.4317552817264194,0.1508744647896664,0.0920724804497835,0.092055419519341,0.7093739329952204,0.0031328015594079,0.0034001561516986,-0.2354033557056212,FF,FF,inverse,4,2.671388575714312,1.8486521702827543,2.887518017662125,11.227522964421109,2324.6021730168845,8154,0.7125067345546285,8154,0.993795187041064,1.6631291053679211,2.163514196517315,0.38147622048804275,0.37627672685292124,0.00519949363512151,True
PV,FF,FF_fraction,14,0.0870961553159247,0.4610702247345052,0.2066559963465943,0.0871762181345309,0.0870397563973408,1.2465502851920636,-0.001325582904531,0.0009345165187008,-0.064754774053255,FF,FF,inverse,4,2.5527294633066653,1.816254080716204,2.842039714948995,11.392047891751634,597.7508489857952,8154,1.2452247022875322,8154,0.9929984742617382,1.6351878356668983,2.1458187499484054,0.21981876482165197,0.29124954878186965,-0.07143078396021768,False
PV,FF,FF_fraction,23,0.0891225441149159,0.4415559287209727,0.1620037347035842,0.0890011610073034,0.0888956778462605,0.8621647503027849,0.0019662608566028,0.00367714062433,-0.254555422433711,FF,FF,inverse,4,2.314856097437392,1.8340885229684976,2.8349454180050424,9.85800248018498,161.77268014474484,8154,0.8641310111593878,8154,0.9920660115358555,1.6541396797524712,2.1483409327981624,0.4275204658811506,0.42868476378329506,-0.001164297902144451,False
PV,FF,FF_fraction,42,0.0933996205496186,0.4276689111736328,0.1452903243433974,0.0930919531250281,0.093155457039454,0.637450035534206,0.0047602222626181,0.0037764041693759,-0.2614180964845447,FF,FF,inverse,4,2.9761250914858564,1.8262718710010355,2.822295733339912,11.987359858951947,2319.579584985353,8154,0.6422102577968242,8154,0.9948030507312579,1.644746599500178,2.1715840653982377,0.4063043637556882,0.40630436524573765,-1.4900494726965974e-09,False
PV,FF,FF_fraction,59,0.0907981181188829,0.4301296439388937,0.1463317692419923,0.0907888430546588,0.0906712122831706,0.6885087169850412,0.0001473794052744,0.0020178225078888,-0.1397670329974731,FF,FF,inverse,4,2.3823890475325364,1.804778874508912,2.8134940029013347,10.122305120240505,199.1747110048028,8154,0.6886560963903157,8154,0.994629400172433,1.6271779578448882,2.1291791245714937,0.4395098477726783,0.4395098525039737,-4.731295355497878e-09,False
PV,FF,FF_fraction,66,0.0865158604885384,0.4610550061115122,0.1741845425623982,0.0863899226002899,0.0863188363257228,1.0095800587140802,0.0021016069644388,0.0032892227196829,-0.2277318421189389,FF,FF,inverse,4,2.3449590553673723,1.827710276063798,2.8354340347274767,11.399745741385605,122.60069387850044,8154,1.011681665678519,8154,0.9933659875931887,1.6530241442057845,2.1521070221351497,0.4288838543055984,0.4288838548682541,-5.626556998095111e-10,False
PV,FF,FF_fraction,87,0.0913411454305447,0.4446679733683152,0.1459931925839328,0.0912500531417823,0.0911429658616314,0.6765643137029013,0.001439482353926,0.0031335637021298,-0.2169663714847947,FF,FF,inverse,4,2.433711455128696,1.842374728030301,2.901761700323046,12.356286648530626,197.26152496728884,8154,0.6780037960568274,8154,0.9933143709370704,1.6574668799180112,2.186741134837737,0.2749535610454121,0.3183506461727384,-0.04339708512732632,False
PV,FF,FF_fraction,90,0.0883701053214455,0.4423428483495581,0.1894142071046091,0.0879054233120287,0.088031836722256,1.0999142362263368,0.0076062285974187,0.0055330346487819,-0.3827862351855948,FF,FF,inverse,4,2.5431080379048177,1.8102056155047996,2.9694442675573702,12.681786035235609,380.5261468937588,8154,1.1075204648237553,8154,0.9938180683777579,1.638625270619414,2.1645570098035516,0.43658132844524716,0.4365813297757546,-1.3305074264557959e-09,False
PV,FF,FF_fraction,97,0.0901612440551897,0.4358620816073074,0.2049827789009327,0.0901049004632983,0.0899868189376219,1.1849233832899932,0.0009018512430245,0.0027937278544879,-0.19345908477153,FF,FF,inverse,4,2.4002529876616387,1.808241946593266,2.88596710996268,12.18292571100056,231.6083644268312,8154,1.1858252345330178,8154,0.9930661764262448,1.6359145314544754,2.1357587097791537,0.3927685458452835,0.3927685507610287,-4.915745199784993e-09,False
PV,FF,FF_fraction,99,0.0885220829977617,0.4548545861562355,0.1966158745624503,0.0885293813209948,0.0883551418075947,1.1512705036297557,-0.0001189400469709,0.0027233048116236,-0.1885870559227731,FF,FF,inverse,4,3.028288211036986,1.8096644515209197,2.8726749767332582,13.94639996170026,2377.934583290189,8154,1.1511515635827847,8154,0.9923563900630908,1.62895930907538,2.1446177752254387,0.3649441942050689,0.3734236081315348,-0.008479413926465895,False
PV,FF,FF_fraction,124,0.0887009943706748,0.4621769788388545,0.1942413332431689,0.0886266230197087,0.0884401169661215,1.1308280463109457,0.0012101350832204,0.0042493445715255,-0.2941087711633927,FF,FF,inverse,4,2.4937794490732617,1.8272933118780168,2.8927111715519103,13.000143064630512,361.13866168864456,8154,1.1320381813941658,8154,0.9925154861936135,1.6550533893041914,2.172886035909036,0.3467078253865697,0.395239856668446,-0.04853203128187633,False
PV,FF,FF_fraction,161,0.0902162541651939,0.4315927140124495,0.1894696239132347,0.0898076887951663,0.0899543369165828,1.0705072808341942,0.0065484205658514,0.0041945467304903,-0.2903215734622488,FF,FF,inverse,4,2.6975630179740406,1.800805251079128,2.8274864905498824,11.789844830045206,2165.345939282722,8154,1.077055701400046,8154,0.9956366352502849,1.617585757560186,2.133908914207633,0.40641334853831135,0.4064133440509854,4.487325955260246e-09,True
PV,FF,FF_fraction,178,0.0892116253257676,0.4545218504830464,0.1924109547684257,0.088874834419339,0.0889286750502617,1.1088873125005356,0.0054567556733557,0.0045830314838125,-0.3171674929950741,FF,FF,inverse,4,2.4805466525680315,1.809216045307341,2.911328040316614,13.974343933771406,142.65356168832363,8154,1.1143440681738916,8154,0.9934924017486446,1.6257583017102837,2.1479643803683204,0.41700613014822446,0.41700613067685993,-5.286354687328298e-10,False
PV,FF,FF_fraction,226,0.0885368150894695,0.4533007217929652,0.194312139812526,0.0882436153710551,0.0882792574910517,1.1340266555019851,0.0047855768481352,0.0042029814073187,-0.2909045216473394,FF,FF,inverse,4,2.7873035276609324,1.8301835738929244,2.853138184457755,12.19329135806059,1414.23923114055,8154,1.1388122323501206,8154,0.9931856806378653,1.642813106356143,2.162635848440409,0.3838943872345045,0.38389438697663714,2.5786733859334277e-10,True
PV,FF,FF_fraction,238,0.0900148761085965,0.4423182592329254,0.1698064309001247,0.0896289417515438,0.0897353307447647,0.915655747545066,0.0061987820816262,0.0044873276343304,-0.3105546282089588,FF,FF,inverse,4,2.3809661790183334,1.8417007619366847,2.8256763026944176,10.505369043221988,164.06282640765977,8154,0.9218545296266923,8154,0.9937715080142197,1.663084419031627,2.1661113858360856,0.3742654230305891,0.37426542225551507,7.750740049772276e-10,True
PV,FF,FF_fraction,243,0.0895343104227999,0.4497347172948001,0.180124750591321,0.0892240132016872,0.0892495204871666,1.0084838844963284,0.0050086027062012,0.0045962252095763,-0.3180791076498601,FF,FF,inverse,4,2.441922513578237,1.7965503136911898,2.811601329380135,12.586763835883213,487.967571936631,8154,1.01349248720253,8154,0.9934307697042359,1.6184580683071426,2.1349782417886907,0.4448587096441362,0.44485871196590987,-2.321773662217197e-09,False
PV,FF,FF_fraction,266,0.0893211640299822,0.4530561450208182,0.1784864470013026,0.0890829861581004,0.0890530270992873,0.9987405728113442,0.0038521327940015,0.0043374000366724,-0.3001941741432201,FF,FF,inverse,4,2.317613173036732,1.818438783010416,2.756409992798195,11.031711730989016,165.70327016966536,8154,1.0025927056053459,8154,0.992100966480008,1.6494496971119448,2.1447504753128634,0.4032454666715983,0.403245465215605,1.4559932703939182e-09,True
PV,FF,FF_fraction,356,0.0900430472698337,0.4553480328465803,0.1866130291201005,0.0897516117380875,0.0897927461670675,1.051362930169782,0.0046770350904356,0.0040159790881199,-0.277979378036941,FF,FF,inverse,4,2.4241549766906165,1.8181484429995831,2.938901435233466,11.947280610436856,194.62022706583443,8154,1.0560399652602175,8154,0.9944588205470339,1.6334688657734162,2.158137567192528,0.4344955611073793,0.4344955629885609,-1.8811815993835523e-09,False
PV,FF,FF_fraction,421,0.0895921978449141,0.446322659916617,0.1728505857725723,0.0890228913491602,0.0891278810206256,0.948080487281678,0.0091967419241168,0.0074962935467301,-0.5182558698830331,FF,FF,inverse,4,2.360916147706451,1.841849238889005,2.80715970259118,10.414221648312251,145.8859490929265,8154,0.9572772292057947,8154,0.9926209436758634,1.663926604213565,2.159304794542784,0.3355321303891771,0.3644138001543645,-0.028881669765187357,False
PV,FF,FF_fraction,431,0.0877815784530517,0.4578687552340328,0.1802856936795012,0.0875852537659035,0.0875545430334378,1.038294800748087,0.0032302205302544,0.0037361731771583,-0.2586367477264373,FF,FF,inverse,4,2.4145188001648963,1.8542948487137592,2.9161378248722114,12.03130795490712,161.37465214776032,8154,1.0415250212783416,8154,0.9933064089013864,1.6697041771067975,2.188017421112447,0.27038418166270933,0.30336820610814746,-0.03298402444543813,False
PV,FF,FF_fraction,482,0.0913699627676277,0.4556804820250362,0.150404878015882,0.0912879177669024,0.0912035151304696,0.7190594855814867,0.0012960396046434,0.0026305381262298,-0.1821688792643994,FF,FF,inverse,4,2.4368153438542954,1.8294497021056333,2.98780203017801,13.29198764161562,147.79180652350857,8154,0.72035552518613,8154,0.99301550075959,1.652503272271828,2.1735447739953586,0.30401605376101104,0.33319203921090584,-0.029175985449894803,False
PV,FF,FF_fraction,488,0.0929484493568554,0.4257457132831983,0.1460494142869113,0.0928703845617192,0.0927484782969271,0.6519538702063141,0.0012121882057034,0.0031071851499438,-0.2151418999584931,FF,FF,inverse,4,2.4432865358281286,1.831517387588517,2.958834064915735,12.46003410789303,156.25995198163844,8154,0.6531660584120172,8154,0.9926560039513701,1.6498588760706465,2.1741742337440986,0.41051369537080795,0.4105136946741411,6.966668353314276e-10,True
PV,FF,FF_fraction,568,0.0891081970062749,0.4296818120624009,0.1733497959701784,0.0884233240785645,0.0885794023612824,0.960056082951716,0.0111311802207342,0.008586886950711,-0.5934298557912276,FF,FF,inverse,4,2.38219695466656,1.839000134923689,2.8725387977915195,11.770646240164757,161.21533973767168,8154,0.9711872631724503,8154,0.9931256841815486,1.6590936280170907,2.1579957325673558,0.3195151800309236,0.33687242798134787,-0.01735724795042426,False
PV,FF,FF_fraction,663,0.0916537686087384,0.4441779474111205,0.1462783568598764,0.0914572818582269,0.0914442986844031,0.6744502184752786,0.0030961601567931,0.0033009780754409,-0.2285448023741532,FF,FF,inverse,4,2.669896201646954,1.8045990680267927,2.9036654953848706,12.05683512344525,2378.159671853652,8154,0.6775463786320719,8154,0.9940658177527171,1.632838917821941,2.1480616702490645,0.39367974057825494,0.3936797363769179,4.201337056031207e-09,True
PV,FF,FF_fraction,679,0.0915628308395261,0.4459857132156897,0.1723349502669771,0.0913654362535495,0.0913005674813342,0.9123813436127514,0.0031135734826189,0.0041382399011552,-0.2864299364570222,FF,FF,inverse,4,2.414787691093318,1.8372801468194304,2.8475086729423453,12.103954631950158,183.86738543677444,8154,0.9154949170953703,8154,0.9924282604679123,1.6611224634246489,2.158973590833548,0.4475554929916304,0.4475554919047444,1.086885970114082e-09,True
PV,FF,FF_fraction,703,0.0893648950386879,0.4450288844550097,0.184191488575463,0.0889843342367667,0.0890334910963909,1.043426278578993,0.0061568420248952,0.0053600863148949,-0.3708435422584255,FF,FF,inverse,4,2.30428626531695,1.828958180379564,2.8334294735551286,11.04500531556443,86.02006911014922,8154,1.0495831206038884,8154,0.9927878184027711,1.6482540435615567,2.155276091209669,0.30020428341059424,0.3225866188286487,-0.022382335418054455,False
PV,FF,FF_fraction,922,0.0892746200778673,0.449934775562517,0.1978038492994738,0.0888727316903494,0.0889828643812827,1.147748507160132,0.0065092560904647,0.0047225492241456,-0.3268069876187884,FF,FF,inverse,4,2.391428704429233,1.8167901983490264,2.9361705288824407,11.700470336424658,150.96758975734943,8154,1.1542577632505968,8154,0.9938713736935374,1.6363010041050063,2.1609675786036235,0.3947296636584207,0.3947296645493426,-8.909218918162765e-10,False
PV,FF,FF_fraction,923,0.0932941355572231,0.4311506360712117,0.1493304570913941,0.0931520422360424,0.0931162987633988,0.6786501425553567,0.0021989978225985,0.0027526821586838,-0.1906194775932346,FF,FF,inverse,4,2.662588593292972,1.8292482559564736,2.8948011118125025,12.441044049775622,2285.2184562910884,8154,0.6808491403779552,8154,0.9940391290000241,1.648359546574275,2.170116052460073,0.3270501664970598,0.35724451306853067,-0.030194346571470854,False
PV,FF,FF_fraction,938,0.0898693864344659,0.4533194683057083,0.2028401826106972,0.0897820744414081,0.089676003791157,1.1744418207802363,0.001402321903738,0.0031077633129904,-0.2151818889404744,FF,FF,inverse,4,2.375469689046606,1.831818132869965,2.8950942456785254,12.200066853766568,146.690372871646,8154,1.1758441426839745,8154,0.9930751453373496,1.6476803999671206,2.1710009278798976,0.2950139258925741,0.3239326174197926,-0.028918691527218543,False
PV,FF,FF_fraction,993,0.0872670931872893,0.4692031612658832,0.2112646831000689,0.087122867711599,0.0870373999373382,1.2755419657858944,0.0023863005062314,0.0038022829877094,-0.2632071741614505,FF,FF,inverse,4,2.5563965153388626,1.8366422299963012,3.005222373664514,14.976779766627455,179.13307630394553,8154,1.2779282662921256,8154,0.9934906079422763,1.658753340950432,2.1795854085866675,0.28233619790174547,0.325730404004063,-0.043394206102317534,False
PV,FF,FF_fraction,1024,0.0902085071505486,0.4409632698860204,0.1301265616848709,0.0899445390824499,0.0899648346137647,0.5285800788498641,0.0042278018973164,0.0039023017646362,-0.2701214602490065,FF,FF,inverse,4,2.487193722579736,1.860736939440877,2.850032669139817,13.0268930869091,323.88947649201145,8154,0.5328078807471808,8154,0.9936657559872285,1.6764039737215595,2.1700062788269636,0.3331267276148118,0.3568716018161135,-0.02374487420130167,False
PV,FF,FF_fraction,1025,0.0910158398455962,0.4549048618340542,0.200879162795634,0.0907213363399026,0.0907087780353104,1.1421383708296124,0.0046757535031232,0.0048754756258642,-0.3373718363822386,FF,FF,inverse,4,3.056277881354674,1.8292431542946643,2.9359903408041816,14.432778943135236,2383.2437009895243,8154,1.1468141243327357,8154,0.994332301254855,1.6454576770882394,2.165842146264449,0.23972958996147797,0.2849994645816141,-0.04526987462013615,False
PV,FF,FF_fraction,1238,0.0880346113495325,0.4610988078071505,0.1711440065848176,0.0877631410246642,0.0877721757827398,0.9590680256254612,0.0044556792957544,0.0043071690025568,-0.2981049870836916,FF,FF,inverse,4,2.361080199248301,1.8348496828353105,2.8261333841369587,12.101155542338237,90.8719352298981,8154,0.9635237049212155,8154,0.9937228253543249,1.6635101089723727,2.1534024435646235,0.457622585200131,0.4576225934452216,-8.245090610259354e-09,False
PV,FF,FF_fraction,1273,0.0892980675219565,0.439591280565025,0.1716637444641609,0.0888271620236943,0.0889549962951507,0.9428845132533769,0.0076280559640914,0.005553315697525,-0.3841866194041032,FF,FF,inverse,4,2.742633893730596,1.8113555951867124,2.908393726749718,12.751058922394748,2629.788990336648,8154,0.9505125692174683,8154,0.9947884611750971,1.6359677050885089,2.164821693976786,0.349270259217614,0.3523303342160712,-0.003060074998457174,False
PV,FF,FF_fraction,1321,0.0933594073203462,0.4289647659826711,0.1469806772108456,0.0932071074304763,0.0931731156990378,0.6547591964437393,0.0023554317337598,0.0028816646365632,-0.1995424206895135,FF,FF,inverse,4,2.554854667917821,1.844199739769028,3.0321142266429666,12.901199135546754,399.18485172491233,8154,0.6571146281774992,8154,0.9944229678934976,1.6628204810309046,2.1985907557301307,0.3915384763005204,0.3915384722699982,4.03052219377642e-09,True
PV,FF,FF_fraction,1346,0.0900095526357555,0.4630836559483506,0.1998076273475751,0.0901035938530581,0.0899046540561359,1.1504616301827086,-0.0015065286772808,0.0016823204853563,-0.1165416075825764,FF,FF,inverse,4,2.5687465375461684,1.824844495864809,2.907096766419649,14.64739656838134,162.01755630123415,8154,1.148955101505428,8154,0.9934846166690757,1.6463382200402827,2.1630859124937762,0.4139271282789583,0.41392713129159475,-3.012636473620489e-09,False
PV,FF,FF_fraction,1503,0.089050001190756,0.4553459291480227,0.1841297538593271,0.0890659291397959,0.088901754457822,1.0480352374907835,-0.0002580249066999,0.0024037399926679,-0.166475834869928,FF,FF,inverse,4,2.319648067366824,1.8602316903812397,2.839399879516567,10.01845389402484,103.67842278642638,8154,1.0477772125840836,8154,0.9929533161469926,1.682932599305346,2.173726125393725,0.4232753852282024,0.4232753856996314,-4.714290069429694e-10,False
PV,FF,FF_fraction,1674,0.0929952608268866,0.4440593908361554,0.147492000350921,0.0929066075688302,0.0928341866031334,0.6654076065394636,0.0013759907477624,0.0025010141851552,-0.1732069164825933,FF,FF,inverse,4,2.7140401314167657,1.860239831052613,2.96436932901502,11.153627438674038,2315.2856224004213,8154,0.6667835972872259,8154,0.9946041106822551,1.6803594532162214,2.1850548957029066,0.2676464872604712,0.3173944523468964,-0.049747965086425205,False
PV,FF,FF_fraction,1707,0.0896010371228343,0.4358353080855333,0.1709477132964708,0.0895865781177881,0.0894111650312459,0.9319677879696,0.000232827864734,0.0030604352593348,-0.211908363658908,FF,FF,inverse,4,2.3117850716155584,1.8344829848519688,2.794096087508158,10.43454881476279,155.93908461906747,8154,0.932200615834334,8154,0.9915251215687305,1.6549289304309749,2.1519896098419427,0.30803379275353016,0.3394538191760188,-0.031420026422488645,False
PV,FF,FF_fraction,1790,0.0912713973215226,0.4391468401242985,0.2089157741100424,0.0910491435991662,0.0910411576262179,1.194686703066831,0.003517371112135,0.0036439162768036,-0.2522583219512264,FF,FF,inverse,4,2.459070992493153,1.8155356552082844,2.982974131515826,12.912213725988062,150.19170664894298,8154,1.1982040741789655,8154,0.9935466043075368,1.6328434198124693,2.152285329487932,0.3937952705956707,0.3937952729578775,-2.362206763528718e-09,False
PV,FF,FF_fraction,1863,0.0909748459231479,0.4457608307285384,0.1429613854450637,0.0907545135123847,0.0907294042960749,0.6520859129768358,0.003498307957463,0.0038975162456608,-0.2697906488133506,FF,FF,inverse,4,2.356747302004876,1.8582031846715636,2.83109576575792,11.151776891064578,299.1042877922165,8154,0.6555842209342986,8154,0.9923545884394309,1.6754040595163124,2.180500159399663,0.2885242148671372,0.336984378983628,-0.04846016411649079,False
PV,FF,FF_fraction,1982,0.0895933149034651,0.4406210165838925,0.2046749743048262,0.089546623444225,0.0894297943079408,1.1918717209652254,0.000752054944802,0.0026355303389899,-0.1825142821208158,FF,FF,inverse,4,2.745245354222168,1.79019130512188,2.8642051572790272,13.958849276015044,2562.5120047598302,8154,1.192623775910027,8154,0.9919548981947522,1.6137302548007768,2.135794135443034,0.2439107488292482,0.2865527571852208,-0.042642008355972566,False
PV,FF,FF_fraction,2024,0.0888081929921107,0.4511221666022452,0.1903719608362319,0.0886507042765926,0.0886087591957962,1.100056321681111,0.0025606859055289,0.0032434586049236,-0.2245668891520114,FF,FF,inverse,4,2.831686811128375,1.8256190442086493,2.9495283299082486,14.283486942410638,2500.514505492624,8154,1.10261700758664,8154,0.9935472418937268,1.6404456286188251,2.176561676692933,0.38466432300683556,0.3846643262689621,-3.2621265133592203e-09,False
PV,FF,FF_fraction,2311,0.0929769797384004,0.4493183883347731,0.1399816809916253,0.0928792072463063,0.092849495162389,0.5902925708205757,0.0015179037596771,0.0019794961353491,-0.1371141290780753,FF,FF,inverse,4,2.469598912674324,1.874017952339092,2.9088697557120287,12.343138762503685,233.6076016376073,8154,0.5918104745802527,8154,0.9951612617894421,1.690795011766775,2.1966028487518026,0.38038504104929977,0.37476653217443506,0.005618508874864703,True
PV,FF,FF_fraction,2325,0.0921185791776601,0.4329408927072447,0.1357558302461179,0.0920110770087508,0.0919362370336375,0.5594500936357484,0.0016846049333339,0.0028585418018969,-0.1979428532771221,FF,FF,inverse,4,2.370965790522479,1.8563655079549628,2.8415130378627387,12.299902477655465,172.83644282745294,8154,0.5611346985690823,8154,0.994141294815528,1.6782794239077208,2.184802503511745,0.4459281881836075,0.4459281902327855,-2.0491779939568744e-09,False
PV,FF,FF_fraction,2351,0.0947350623971796,0.4091061702797628,0.1252995142785469,0.0945612110005737,0.094527731481895,0.4034104365348619,0.0026499688953365,0.0031608473786548,-0.2188534108051421,FF,FF,inverse,4,2.305213118997749,1.851497115804129,2.78331967312499,10.17191288826868,222.35554006258965,8154,0.40606040543019856,8154,0.9944757326544992,1.670916507753743,2.1730490831255453,0.4398945607261294,0.4398945576213363,3.104793144803608e-09,True
PV,FF,FF_fraction,2786,0.0894020050418128,0.4574090029018596,0.1635980040920666,0.089315702552535,0.0892335297299388,0.8717760548215708,0.0013933502689965,0.0027212790481892,-0.1884469054080018,FF,FF,inverse,4,2.4853453358571764,1.8234874031922224,2.9377331191804728,13.717503392161897,348.5271357788139,8154,0.8731694050905673,8154,0.9938339776918808,1.6401702731329857,2.1625473262527213,0.2966047613546955,0.31168624852375626,-0.01508148716906077,False
PV,FF,FF_fraction,2875,0.0879469976143922,0.461738826361861,0.2053956312987075,0.0876122240251628,0.0876534637021211,1.223699264216373,0.0055021522412985,0.0048232255294575,-0.3337622889164615,FF,FF,inverse,4,2.7806431400965748,1.8255259026986488,2.932327108359527,13.58340277625799,2514.6987033722785,8154,1.229201416457672,8154,0.99292646321011,1.6504975286633186,2.1703955098566867,0.4191288293536968,0.41912883136576984,-2.0120730637174233e-09,False
PV,FF,FF_fraction,2932,0.0927458057586204,0.4337538569711483,0.1502395126572203,0.0926846103047576,0.092558297566195,0.6959103429800341,0.0009522319249695,0.0029197111862577,-0.2021743095460326,FF,FF,inverse,4,2.7181025001912853,1.838139279972471,2.949471881502082,12.535168838000317,2203.519202348218,8154,0.6968625749050036,8154,0.9937798418385487,1.6618225141763083,2.1715865993075143,0.2875951405229136,0.3271936236228836,-0.03959848309997005,False
PV,FF,FF_fraction,2977,0.0886062043295892,0.4584000837804661,0.1751838007837945,0.0880069732379895,0.088144975314385,0.9833897484001688,0.0097898815192346,0.0075293904645935,-0.5205380579090813,FF,FF,inverse,4,2.4305383453178693,1.836697350602409,2.811914408542524,13.115215713696085,157.79335657931836,8154,0.9931796299194037,8154,0.9907014241664415,1.6585646980867015,2.149427731853468,0.3376909915845825,0.34289692881836153,-0.0052059372337790455,False
PV,JSC (mA/cm2),Jsc_mA_cm2,4,3.353589393193091,0.5867788218750843,6.028698047419016,3.326760684126606,3.352525145027855,0.8461404135429361,0.0115879716389446,0.0004579061554645,-0.0317345995725082,JSC,JSC,inverse,5,1.2270407228553593,1.1126210428083587,1.4854141199054691,3.1268824023452493,20.66736520637109,8154,0.8577283851818809,8154,0.9964536838684243,1.033050262614526,1.2482867949535434,0.4192550250142943,0.31466616078514625,0.10458886422914804,True
PV,JSC (mA/cm2),Jsc_mA_cm2,14,3.3323109477319623,0.5834640633071606,6.194958154435252,3.293839882014169,3.329663460612239,0.8945715082137822,0.0167526036779223,0.0011466620870619,-0.0794489818402244,JSC,JSC,inverse,5,1.213552592290921,1.1125986839232933,1.4659730521054732,3.06054459864329,13.991350089094311,8154,0.9113241118917046,8154,0.9961773516082193,1.0309131460751375,1.2442668574345117,0.3836685977503742,0.284831405118479,0.09883719263189522,True
PV,JSC (mA/cm2),Jsc_mA_cm2,23,3.186120154220457,0.6062814420699791,5.3751935117737535,3.187495512040931,3.183544092345205,0.7545160194806155,-0.000622636205803,0.0011669286641209,-0.0808526279788779,JSC,JSC,inverse,5,1.2005686712927124,1.0997098440767026,1.461885442365418,2.9484690138152287,17.368190554755945,8154,0.7538933832748124,8154,0.9961375459166157,1.0141873632125393,1.2306281775434385,0.42911762861683805,0.35128453882103355,0.0778330897958045,True
PV,JSC (mA/cm2),Jsc_mA_cm2,42,3.42729911228832,0.5647595608128195,5.2828339716610895,3.389725936106003,3.42373842816503,0.6242399633829819,0.0159034721095841,0.0014996215563093,-0.1038918403860278,JSC,JSC,inverse,5,1.1963358234689745,1.0937318941819956,1.47435251261329,2.850128384542803,14.030570076063926,8154,0.640143435492566,8154,0.9951526175965172,1.0147212002628438,1.2256661139942173,0.34561921620023023,0.2774087665643057,0.06821044963592454,True
PV,JSC (mA/cm2),Jsc_mA_cm2,59,3.4852338714007405,0.5729383608445631,4.142539295649755,3.47693523726076,3.48275205838612,0.2492599135176661,0.003439274112151,0.0010276999741653,-0.0712093680422909,JSC,JSC,inverse,5,1.2011182533132645,1.1158041886708916,1.470790249713301,2.747196022502042,8.29534607147002,8154,0.2526991876298171,8154,0.99739700849538,1.0348340417772786,1.2471660374217417,0.4115118396813053,0.350189510623818,0.0613223290574873,True
PV,JSC (mA/cm2),Jsc_mA_cm2,66,3.257155311630642,0.6145761645790415,6.285139353702061,3.2603380124125527,3.255823683638464,0.9483322186322836,-0.0014090285241246,0.0005899399119171,-0.0408831592225045,JSC,JSC,inverse,5,1.2419986252871982,1.1176532630561702,1.4761990079930474,2.9185460336219005,29.698956867938406,8154,0.9469231901081588,8154,0.9967472209533019,1.0360701568908728,1.2510293786377296,0.3746245246610436,0.374614468252315,1.0056408728642552e-05,True
PV,JSC (mA/cm2),Jsc_mA_cm2,87,3.503604826123077,0.5841726790383801,4.332503876194885,3.507062996815564,3.5027276996783248,0.3063609785340537,-0.0014232841262052,0.0003612235000346,-0.0250349707881625,JSC,JSC,inverse,5,1.2306720154126294,1.1350792087038897,1.5096046672794912,2.899342765757717,10.896091156793227,8154,0.3049376944078485,8154,0.9956596324456262,1.054262571902523,1.2684686274825485,0.5284402404096379,0.5258799628000055,0.0025602776096324,True
PV,JSC (mA/cm2),Jsc_mA_cm2,90,3.23391096554676,0.6161201439405501,5.877587363189512,3.221808930153768,3.230644050134261,0.8619441181603816,0.0054090224422416,0.0014581554505793,-0.1010205737666858,JSC,JSC,inverse,5,1.2215079572153855,1.1108495254299189,1.4721382127478002,2.852003385122775,22.50372197435142,8154,0.8673531406026235,8154,0.995906420199555,1.0340402380954874,1.2448990659773205,0.4164961623586816,0.300482060837004,0.11601410152167757,True
PV,JSC (mA/cm2),Jsc_mA_cm2,97,3.3997708408906577,0.5691898073123733,5.937862243507846,3.354119167932087,3.3959983312338635,0.8045061178342691,0.0195035587374112,0.0016017558556752,-0.1109636452969242,JSC,JSC,inverse,5,1.2215937677397324,1.1043465749387298,1.4812656233546315,3.206412222105783,20.221071581817665,8154,0.8240096765716803,8154,0.9961087714470455,1.0243253812449522,1.2407118702994382,0.4264744322405321,0.35474916653521904,0.07172526570531307,True
PV,JSC (mA/cm2),Jsc_mA_cm2,99,3.533322690148786,0.5646127793084527,4.176274116284852,3.5258244611935647,3.529744912877176,0.2411908953311936,0.0030648636628876,0.0014615864547073,-0.1012581523217592,JSC,JSC,inverse,5,1.222169048830788,1.1274955530923554,1.4883600522634834,2.8674617169139966,17.93099214611894,8154,0.2442557589940813,8154,0.9964589572047613,1.0514167353200097,1.2596466523498113,0.5110129238841258,0.5128878445893816,-0.0018749207052558559,False
PV,JSC (mA/cm2),Jsc_mA_cm2,124,3.401473459023813,0.5827359780844361,5.969091525461299,3.3714027030826337,3.3986069056324824,0.8113515430238842,0.0128108692672379,0.0012163275682965,-0.0842738720693514,JSC,JSC,inverse,5,1.225255565098918,1.118066232139602,1.4910967855361434,3.010512567117467,17.561413080685668,8154,0.824162412291122,8154,0.996377831424989,1.0374507667844763,1.255305238781273,0.45221320225479966,0.33123314752755256,0.1209800547272471,True
PV,JSC (mA/cm2),Jsc_mA_cm2,161,3.444103784148229,0.5771393992408675,6.167206184468246,3.419806108187836,3.4404011208790144,0.8404884625084333,0.0102140860196187,0.0015518369222828,-0.1075073081785893,JSC,JSC,inverse,5,1.2189549982560195,1.1093561687177234,1.4696090844630512,2.8844373888936934,25.543256895675658,8154,0.8507025485280522,8154,0.9968571782639688,1.0261484827506928,1.2404717672004844,0.3978513237734557,0.33949520534974137,0.058356118423714354,True
PV,JSC (mA/cm2),Jsc_mA_cm2,178,3.553818553369166,0.5737622403001116,4.179113092613507,3.5453051320450784,3.550992988196302,0.233826776679691,0.0034602233056856,0.0011475122327072,-0.0795078626112055,JSC,JSC,inverse,5,1.2238093995396708,1.1280716132840214,1.5009278446549918,2.986076368056474,12.655367749580275,8154,0.23728699998537645,8154,0.9962286002887438,1.0490683846116862,1.261926591211039,0.4826924428678377,0.4720508789297389,0.010641563938098786,True
PV,JSC (mA/cm2),Jsc_mA_cm2,226,3.3941090716947566,0.5802875416830958,5.48081620099198,3.3608005698661483,3.390661893542685,0.6913578272818768,0.0142279919164304,0.0014659970921543,-0.1015635643774603,JSC,JSC,inverse,5,1.2220900065912734,1.116356811144568,1.4951878343618217,3.0062787834448463,17.99839365729298,8154,0.7055858191983072,8154,0.9959203687814018,1.0342792994596617,1.2539698915003032,0.36689311441810896,0.2529216503919526,0.11397146402615638,True
PV,JSC (mA/cm2),Jsc_mA_cm2,238,3.3492655022041027,0.6056326860611134,5.427109998870884,3.3457642453854683,3.347346664005854,0.6963394045389193,0.0015089541047764,0.0008267757964582,-0.0572913134830987,JSC,JSC,inverse,5,1.2202601699610724,1.120005339035767,1.5002981797934107,2.928290435984532,15.97633287771998,8154,0.6978483586436957,8154,0.9963682277575042,1.0398757510636525,1.251985624948236,0.4054080877121787,0.259245694522088,0.14616239319009067,True
PV,JSC (mA/cm2),Jsc_mA_cm2,243,3.595319743754429,0.5602779061642885,4.290805685960921,3.607105373826716,3.5970882028535733,0.2551284884287746,-0.0047214889311243,-0.0007094556489856,0.0491878115212562,JSC,JSC,inverse,5,1.2189860557805643,1.1263261867564325,1.481832886578217,2.9707428962756195,13.15461539347874,8154,0.2504069994976504,8154,0.9967786525283372,1.043923466774402,1.260075048078619,0.5122995453523987,0.5155971138461949,-0.0032975684937961436,False
PV,JSC (mA/cm2),Jsc_mA_cm2,266,3.358905230884824,0.5854671935866931,6.494519447270664,3.34627362545852,3.3512782126912164,0.951231687919647,0.0054356718755646,0.003279631967085,-0.2270685735184852,JSC,JSC,inverse,5,1.2141564841512813,1.108166089455457,1.47049567034519,2.9798905347542783,23.988917758997687,8154,0.9566673597952114,8154,0.9962723899598567,1.0297652183350483,1.241756599630569,0.4708522557260963,0.3639821820184782,0.10687007370761809,True
PV,JSC (mA/cm2),Jsc_mA_cm2,356,3.5383477348223,0.5744463612166584,4.207298099700221,3.54847348110119,3.5279596225584657,0.2498182036436719,-0.0041226872917506,0.0042417879907165,-0.2935865280170313,JSC,JSC,inverse,5,1.2143128420849476,1.1229505345641226,1.486667949888833,2.874622035354036,9.78353974970673,8154,0.24569551635192108,8154,0.9806659665171401,1.0393600919150208,1.2586164913101756,0.3971022555683734,0.38848547257056776,0.008616782997805661,True
PV,JSC (mA/cm2),Jsc_mA_cm2,421,3.33204408695408,0.599646804002216,5.34513589655803,3.330710770832243,3.328513575201768,0.681819138561092,0.0005774093820486,0.0015294371829646,-0.1059563337152402,JSC,JSC,inverse,5,1.2163034180579075,1.1114875858747768,1.493441430486398,2.9204363277723724,21.854757662792508,8154,0.6823965479431408,8154,0.9955789031144032,1.0328932396788215,1.2480364316535908,0.4043781398928896,0.29484954050385614,0.10952859938903348,True
PV,JSC (mA/cm2),Jsc_mA_cm2,431,3.2742170219032865,0.6157570813138875,6.476220231827756,3.275741960684232,3.272264931540494,0.9840020972880562,-0.000671766544654,0.0008603922501481,-0.0596200664077506,JSC,JSC,inverse,5,1.2365219424270246,1.1248460351918363,1.4921794903610466,3.2768179504975685,19.290626149910565,8154,0.9833303307434021,8154,0.9959032420724729,1.041526958127802,1.2644011223932388,0.30260440347971085,0.3186382459180473,-0.016033842438336443,False
PV,JSC (mA/cm2),Jsc_mA_cm2,482,3.358222690785333,0.6016958979267726,6.865350155141665,3.324776024324956,3.3549817752797657,1.0316354027996746,0.0144407457710342,0.00139297204925,-0.0965068669942614,JSC,JSC,inverse,5,1.2259598587071614,1.1099646048105545,1.4883897916762965,3.1469276930629304,26.303181133299585,8154,1.0460761485707089,8154,0.9941428338281735,1.0304573990397499,1.2422097440312627,0.47658941203936717,0.38297043665426295,0.09361897538510422,True
PV,JSC (mA/cm2),Jsc_mA_cm2,488,3.4891407104335483,0.5827167191025664,4.20707662567883,3.493231531788881,3.4880683114462587,0.2699463150397124,-0.0016904880327305,0.000443485269869,-0.0307353321716941,JSC,JSC,inverse,5,1.232240321845421,1.1323550321921358,1.51298750846374,3.00213269277098,14.52814475061153,8154,0.268255827006982,8154,0.9958181073473517,1.0506436776006995,1.2617679596279765,0.30860625779111606,0.27007809472938077,0.03852816306173529,True
PV,JSC (mA/cm2),Jsc_mA_cm2,568,3.178833507911312,0.6251628591275771,6.396441516739002,3.181247658700124,3.1775162945276136,1.008772067821969,-0.0010952324182693,0.0005979335004275,-0.0414370044993006,JSC,JSC,inverse,5,1.2200356508993817,1.1187820779614075,1.4944733306089724,2.9019011538889425,21.23953243889289,8154,1.0076768354036998,8154,0.9971152224871546,1.0361797648275861,1.2450089845587087,0.421691820478741,0.42169331526447684,-1.4947857358560412e-06,False
PV,JSC (mA/cm2),Jsc_mA_cm2,663,3.602517792923463,0.5587322473272007,4.257217192611798,3.5948577465905944,3.5999922735653533,0.2409051387791565,0.0030708735341843,0.001011745730115,-0.0701042854825195,JSC,JSC,inverse,5,1.2097793723899648,1.1187478638708264,1.4841797672493693,2.923907596401901,17.02795143378179,8154,0.24397601231334085,8154,0.9959309731413195,1.0367635529294992,1.249198045978248,0.5549296296693619,0.5453130760518233,0.009616553617538548,True
PV,JSC (mA/cm2),Jsc_mA_cm2,679,3.3213347473321844,0.5955832885611541,5.552862371169527,3.330518310791602,3.3216026479887684,0.7414685038215453,-0.0039835786397233,-0.0001163638691481,0.0080660540705546,JSC,JSC,inverse,5,1.2008128324965748,1.0959848110294796,1.452696735550711,2.978428550675862,19.445915316630167,8154,0.7374849251818221,8154,0.9956351269947642,1.0204920731689024,1.225421155594942,0.46880691460127705,0.3518541036455932,0.11695281095568383,True
PV,JSC (mA/cm2),Jsc_mA_cm2,703,3.313787238057027,0.6061114559519961,6.391568175968965,3.30958839945248,3.309385803524959,0.9476889636991648,0.0018291713395977,0.0019174883902668,-0.1328218807025383,JSC,JSC,inverse,5,1.2112714931147812,1.1108551310363963,1.4914364780593783,2.8972854841796782,15.11241988890869,8154,0.9495181350387625,8154,0.9965463406828974,1.0290784888667546,1.2438745837808234,0.3868048687989075,0.38679976089995605,5.107898951473011e-06,True
PV,JSC (mA/cm2),Jsc_mA_cm2,922,3.5279940763926128,0.5654818490114504,4.275752975110787,3.522920314026937,3.523880190429744,0.2773303674643957,0.0020762961118889,0.0016832641440091,-0.1166069407654735,JSC,JSC,inverse,5,1.211448211015579,1.126368428233127,1.4869058134364674,2.65978199620078,17.344750207280057,8154,0.2794066635762844,8154,0.9953000073174709,1.0453176022635249,1.2567921525428278,0.37446685424855625,0.4496095732458506,-0.07514271899729436,False
PV,JSC (mA/cm2),Jsc_mA_cm2,923,3.5816819089426177,0.5643895276565496,4.244943543138689,3.5806799188268585,3.581229156279979,0.2451081498572505,0.0004036562841187,0.0001823794867924,-0.0126407836918196,JSC,JSC,inverse,5,1.2147800019209782,1.1216203477865303,1.507468568146889,2.9497271913848846,6.676056928703506,8154,0.24551180614136936,8154,0.99717134916087,1.0432263547993,1.2554805160775042,0.5923389182023123,0.5759195046461518,0.0164194135561605,True
PV,JSC (mA/cm2),Jsc_mA_cm2,938,3.289975599851079,0.6213613582083202,6.40303156423019,3.3009814207587724,3.288253939058474,0.9606782376228734,-0.004818134286928,0.0007551671858226,-0.0523305033837573,JSC,JSC,inverse,5,1.2282181854133198,1.1202263101790757,1.4892989087341475,2.9766621668998843,23.10413226429738,8154,0.9558601033359453,8154,0.9945692402410318,1.0386108434668357,1.2609566135244623,0.3268676930153783,0.23607655860146962,0.09079113441390871,True
PV,JSC (mA/cm2),Jsc_mA_cm2,993,3.316675688277983,0.6060067551980791,6.212546621479139,3.281207341125125,3.3119773962078947,0.905446824105271,0.0155111878266561,0.0020451225064408,-0.141656662021361,JSC,JSC,inverse,5,1.243080672807949,1.125743008512388,1.5074846117315337,3.250709784290294,21.63597853133998,8154,0.9209580119319274,8154,0.9935159532827321,1.0438519066380567,1.26349698717877,0.3286016258515798,0.23927749872876936,0.08932412712281046,True
PV,JSC (mA/cm2),Jsc_mA_cm2,1024,3.2533384523262048,0.6122687611205874,5.155589977771315,3.254215347837244,3.249830086749705,0.6642166141512443,-0.0003888074848584,0.0015566264596926,-0.1078389361546805,JSC,JSC,inverse,5,1.219653417938179,1.1186613205242943,1.4951508488078251,2.972486213745822,15.656714288961808,8154,0.663827806666386,8154,0.9963867432556834,1.0359841716417748,1.251748119399058,0.48755711731557955,0.36282898402722935,0.1247281332883502,True
PV,JSC (mA/cm2),Jsc_mA_cm2,1025,3.554485149427685,0.5752419285589495,4.290242087561896,3.5471677079204533,3.5494080077562664,0.2714184503326236,0.0029730657137382,0.0020621842689141,-0.142837611017621,JSC,JSC,inverse,5,1.2249050064853615,1.1276399924900722,1.4770296789595714,3.01117562629961,12.501595418698251,8154,0.2743915160463617,8154,0.9971688322188236,1.0467992328903395,1.2622314364991354,0.30551851103849537,0.3883302257451903,-0.08281171470669496,False
PV,JSC (mA/cm2),Jsc_mA_cm2,1238,3.303552940299247,0.6144642706475535,6.110786371487443,3.2965779167763483,3.2966157162355483,0.88733958190344,0.0030492836613792,0.003032741422406,-0.2099928225479108,JSC,JSC,inverse,5,1.227035257176607,1.1235411593438158,1.5037725291662478,2.9786355210585747,12.923555074851576,8154,0.8903888655648192,8154,0.9965286686896754,1.045115946450731,1.2569088803195503,0.48941076345055934,0.430747412304109,0.05866335114645033,True
PV,JSC (mA/cm2),Jsc_mA_cm2,1273,3.383536003329311,0.5792527003903521,5.100455220708354,3.35253325933604,3.3823933209794377,0.5920942748268078,0.0132800952881125,0.0004873069451743,-0.0337718395414965,JSC,JSC,inverse,5,1.201943276540268,1.1052493958579943,1.465889250889142,2.955151030320869,14.17780233993003,8154,0.6053743701149202,8154,0.9951932558449883,1.0286023297392974,1.233060170896925,0.42249015457553496,0.3330007834754927,0.08948937110004224,True
PV,JSC (mA/cm2),Jsc_mA_cm2,1321,3.439139488165341,0.5818126399051975,5.045466251786044,3.4002081889251907,3.401530634738972,0.5529399636478158,0.0164245485500008,0.0158635490494645,-1.093554174112077,JSC,JSC,inverse,5,1.217955312337455,1.110215908631087,1.492846138877253,3.110020463058484,17.827682814993302,8154,0.5693645121978169,8154,0.994186818804219,1.0316389464438926,1.2446669732382476,0.23045504836519767,0.20601320254054395,0.024441845824653724,True
PV,JSC (mA/cm2),Jsc_mA_cm2,1346,3.4981598526700504,0.5805779233881042,4.06415722654069,3.4876841642596474,3.4952109317186184,0.2163599990159276,0.0043268172066928,0.0012166933560159,-0.0842992051715785,JSC,JSC,inverse,5,1.2264248192791931,1.1306485804136663,1.4855652076874364,2.874531718361999,28.47453295552156,8154,0.2206868162226205,8154,0.9973686548754602,1.046044009611405,1.2655108812995641,0.4939298802226434,0.44188944671884217,0.05204043350380122,True
PV,JSC (mA/cm2),Jsc_mA_cm2,1503,3.21254235039962,0.6241971399660697,6.260804743101708,3.221963347339456,3.215271086975129,0.962632635082854,-0.0042246089803689,-0.0012249064165359,0.0849400965926339,JSC,JSC,inverse,5,1.2145042239132715,1.1145244609854088,1.4802740566606896,3.0770585330402604,10.643709915708552,8154,0.958408026102485,8154,0.9942529572660942,1.0354360768475042,1.2425599795188451,0.29142885135834246,0.26561425053636745,0.02581460082197501,True
PV,JSC (mA/cm2),Jsc_mA_cm2,1674,3.33084551575322,0.5955345762612472,5.664270733846809,3.297284918975597,3.2924246906163384,0.766001779704888,0.0146098875979216,0.0167380022003341,-1.1534856526719928,JSC,JSC,inverse,5,1.2086491767362704,1.1063330082111271,1.4769728755394984,2.8791857742603844,14.971008481773907,8154,0.7806116673028097,8154,0.9937358928050198,1.0254241060647413,1.2329011512193357,0.2724052898985353,0.2095981985999743,0.06280709129856099,True
PV,JSC (mA/cm2),Jsc_mA_cm2,1707,3.300449886924682,0.6052571972020627,5.555585531794167,3.303804820072573,3.29903268045622,0.7512762799209542,-0.0014657659481838,0.0006196233582013,-0.0429397966040023,JSC,JSC,inverse,5,1.2091935775871447,1.1102520510231104,1.4780157439436534,2.943872928773769,10.602554723985746,8154,0.7498105139727703,8154,0.9952872527561976,1.0293668865959074,1.2458578966623017,0.3426514949033945,0.3134150831314012,0.02923641177199332,True
PV,JSC (mA/cm2),Jsc_mA_cm2,1790,3.5098891882732417,0.5866318840388329,4.263242757592848,3.541818867981277,3.508804259168221,0.2805257240834811,-0.0130649496599134,0.0004460151632826,-0.0309106369695499,JSC,JSC,inverse,5,1.227474259754534,1.1254612536215371,1.508671922485117,3.0671084804618007,12.098148675549467,8154,0.26746077442356764,8154,0.9800720487038022,1.0431756811035817,1.2657675776166348,0.4346034948367912,0.4477366513939649,-0.013133156557173675,False
PV,JSC (mA/cm2),Jsc_mA_cm2,1863,3.317546493596588,0.5998134654655776,6.925652307974,3.317247183970012,3.3141219073065296,1.061833276686504,0.0001301660715403,0.0014900124066096,-0.1032264746453015,JSC,JSC,inverse,5,1.219150937740351,1.1135403976949827,1.489578681654956,2.8829389244873056,24.26338122780249,8154,1.0619634427580442,8154,0.9959100734647448,1.033745562043234,1.2464914203114368,0.39325133313694544,0.3932519850183721,-6.518814266720518e-07,False
PV,JSC (mA/cm2),Jsc_mA_cm2,1982,3.5272684458789203,0.5858575613683612,4.331328536609996,3.530623879264109,3.524374390252184,0.2962582292313968,-0.0013717600797935,0.0011841892824678,-0.0820480683889512,JSC,JSC,inverse,5,1.223131573630684,1.1304329063021528,1.5120117370139052,2.812938174234484,13.03055345198651,8154,0.2948864691516033,8154,0.996183805521714,1.047512447538852,1.2670865718738988,0.5442582551901978,0.5890705115312797,-0.04481225634108188,False
PV,JSC (mA/cm2),Jsc_mA_cm2,2024,3.54574939619743,0.5669718378402386,4.158277190472917,3.574632910097806,3.5484677325870413,0.229895357227098,-0.0117045206381968,-0.001105613360714,0.0766646507090129,JSC,JSC,inverse,5,1.234290316859724,1.1350112689739782,1.523305666959094,3.018753827586889,8.262071376832461,8154,0.2181908365889012,8154,0.9813205007999835,1.052765496517836,1.2698274516720276,0.3695632009965961,0.38384644354059777,-0.01428324254400165,False
PV,JSC (mA/cm2),Jsc_mA_cm2,2311,3.2549056961174805,0.618893706728271,6.096131564916548,3.259178692214495,3.252617594713915,0.9052782939721103,-0.0018927084132129,0.0010145281196794,-0.0702970106413514,JSC,JSC,inverse,5,1.2115691452328563,1.1065855619054692,1.470521348960163,2.930326512146286,19.20176707091668,8154,0.9033855855588975,8154,0.9964875192539536,1.0259670739950697,1.2409129019876464,0.5948355145956734,0.48025319443488484,0.11458232016078856,True
PV,JSC (mA/cm2),Jsc_mA_cm2,2325,3.265297433480561,0.6113342792152776,5.372866660552524,3.2559583666837737,3.259399814521029,0.7184776230932934,0.0041321595036374,0.0026080805345482,-0.1806150612517321,JSC,JSC,inverse,5,1.2226091778554975,1.1169158389790803,1.477318348394633,2.9174334692025967,16.476400894770286,8154,0.7226097825969311,8154,0.9967651776467125,1.0356413694986804,1.2470540448639567,0.5550357236596123,0.434058677813194,0.12097704584641827,True
PV,JSC (mA/cm2),Jsc_mA_cm2,2351,3.3425642850216506,0.5862960246991065,5.421880230100244,3.335319815499326,3.3367149482525487,0.6978379373910097,0.0031302023804288,0.0025268628580615,-0.1749954905972406,JSC,JSC,inverse,5,1.2090077959465744,1.102192261925819,1.4537089338935978,3.160726332013218,24.15339845429018,8154,0.7009681397714387,8154,0.9964379415145641,1.0236166879646487,1.2328770921496397,0.5649231227033273,0.4325354715909511,0.13238765111237621,True
PV,JSC (mA/cm2),Jsc_mA_cm2,2786,3.4376560166901413,0.5905836812375805,4.208895163223417,3.425023270425062,3.434675591524793,0.2920163837570149,0.0053114010468458,0.001251349649724,-0.0866993425426509,JSC,JSC,inverse,5,1.2293420729926876,1.1310009057988546,1.505210391965581,2.9661089796220548,12.00739586429777,8154,0.29732778480386085,8154,0.9962149509303718,1.0493618502143174,1.2686201050500854,0.5192131077501968,0.4693328656804145,0.04988024206978231,True
PV,JSC (mA/cm2),Jsc_mA_cm2,2875,3.302463913772145,0.6002313518038142,6.119582011458253,3.263476815008287,3.2957923233664603,0.8898903180996526,0.0171330072609864,0.0029174598037039,-0.202018570978546,JSC,JSC,inverse,5,1.2136843074393926,1.1089694615840868,1.4785200587666,3.006070082259148,13.86304343130435,8154,0.9070233253606391,8154,0.9931813675916344,1.0314787185512468,1.2381416932385994,0.4385929771808809,0.3043525267445257,0.13424045043635524,True
PV,JSC (mA/cm2),Jsc_mA_cm2,2932,3.3696169715652355,0.5876060174512807,6.947511315952408,3.3298509900778828,3.366037170841603,1.0439116714197918,0.0171269893055845,0.0015334995320207,-0.1062376155462452,JSC,JSC,inverse,5,1.21202014324371,1.106072211022486,1.4949346966974335,2.949963617183694,19.80732576508124,8154,1.0610386607253763,8154,0.9948750687467055,1.0286891915007688,1.2423190960124382,0.39393501705926365,0.298229526873579,0.09570549018568464,True
PV,JSC (mA/cm2),Jsc_mA_cm2,2977,3.301785980257764,0.6052349251817675,5.719375303796511,3.2929192973467267,3.2942952600697457,0.7926109692155707,0.0038794537843609,0.0032767423929173,-0.2268687380952982,JSC,JSC,inverse,5,1.2202871508757922,1.1170666542578682,1.4866995785868484,3.1178586686410803,17.725033398329003,8154,0.7964904229999317,8154,0.9962027056135123,1.0370439463466719,1.2459819385451547,0.5552496972051613,0.43644032309882663,0.11880937410633463,True
PV,PCE_percent,PCE_percent,4,3.110107724486225,0.6340767276956686,3.2848922268269845,3.12514555335367,3.0888940714840363,0.0788814866151235,-0.0069588330190452,0.0098741547309706,-0.682087402798659,PCE,PCE,forward,6,0.6106457870078443,0.6318276963777162,0.7706004899818301,0.8454221000195483,1.9458270063959584,8154,0.07192265359607838,8154,0.9655571370757005,0.5321696144194916,0.7123989392268282,0.6218936403427099,0.6202642856909328,0.0016293546517770485,True
PV,PCE_percent,PCE_percent,14,3.042947020859926,0.6482607149255712,3.2539904478035058,3.0637216418906417,3.0225076128384227,0.0967407998663211,-0.0098160093551156,0.0097232428532427,-0.6716977943220015,PCE,PCE,forward,6,0.61019559713485,0.6308185294887066,0.7716154644407076,0.8444888249783156,1.8798174509808945,8154,0.08692479051120554,8154,0.9639883891886284,0.5318831676974826,0.7124751534641519,0.6936348680247821,0.6985503793858161,-0.004915511361033964,False
PV,PCE_percent,PCE_percent,23,3.0743875036519244,0.6382449518065831,3.170627935081717,3.059068822511225,3.046344134380356,0.0444695734175221,0.0072064526400246,0.0132200904311264,-0.9121611780641414,PCE,PCE,forward,6,0.6147989312099343,0.6372110955732544,0.7763144291209105,0.8443020757667781,0.9523414668873874,8154,0.05167602605754686,8154,0.9744930704703197,0.5358361924601893,0.7176733252624097,0.5906416317065616,0.6286033726651787,-0.03796174095861715,False
PV,PCE_percent,PCE_percent,42,3.147985455557441,0.6295123526108943,3.3432275329713628,3.1693521922408143,3.1578945487292622,0.0868126697935532,-0.0097591119285593,-0.0045341209588303,0.3147756974012594,PCE,PCE,forward,6,0.6018730586243171,0.6209778058001073,0.7626779101649674,0.8295248835837798,2.010984760190004,8154,0.07705355786499395,8154,0.9656484526765904,0.5224231005756346,0.7036677411225641,0.6278530489681085,0.640911991958023,-0.013058942989914502,False
PV,PCE_percent,PCE_percent,59,3.058281850561726,0.6450724518794939,3.230885294641498,3.058953440257465,3.0399241740056766,0.079208160577179,-0.0003167768056598,0.0086860328515143,-0.6002611091151522,PCE,PCE,forward,6,0.5995475754841126,0.6173167459611268,0.7582871840029838,0.8190963180579587,1.436491970855885,8154,0.07889138377151919,8154,0.9727189098042242,0.5232521372469116,0.6981926705198023,0.6504835313406223,0.6540378588178263,-0.003554327477203967,False
PV,PCE_percent,PCE_percent,66,3.051455920680439,0.6490767887684447,3.155536336007141,3.034175172920324,3.0213107815089093,0.0483874857818994,0.0081933708178168,0.0143231585024179,-0.9878936466762857,PCE,PCE,forward,6,0.6165268311336406,0.6363763329503631,0.7790079097446835,0.8473175622140471,1.3317206269159294,8154,0.05658085659971641,8154,0.974517052886182,0.537253184813343,0.7177614370752491,0.5958972029111205,0.5955272202707624,0.0003699826403580353,True
PV,PCE_percent,PCE_percent,87,3.0499256368989625,0.6504066448621386,3.2230124004646177,3.0567602076942872,3.0377765552267952,0.079635671741705,-0.0032293148070505,0.005758311624202,-0.3983402586995477,PCE,PCE,forward,6,0.6056451210113505,0.6274973366504486,0.7682300329585163,0.8371596395675132,1.2974184188630895,8154,0.07640635693465475,8154,0.9719531030313989,0.5260804956546857,0.7078939077082107,0.6573656418028928,0.6704618466981724,-0.013096204895279628,False
PV,PCE_percent,PCE_percent,90,3.0797089353494647,0.6433805972565159,3.212011874622159,3.0603109800312227,3.049880947398992,0.0606832188071838,0.0091157447155205,0.0140410796799959,-0.9685326950252148,PCE,PCE,forward,6,0.6168398847492665,0.6402421453982067,0.7782830807523861,0.8519253835200432,1.3364317210228518,8154,0.06979896352270451,8154,0.9751932068279829,0.5346911381302073,0.7191292743899723,0.6607912913851997,0.665408926709202,-0.004617635324002389,False
PV,PCE_percent,PCE_percent,97,3.090331284308936,0.6393563619176372,3.290999809802549,3.120478342985965,3.078094487269368,0.0907644393847482,-0.0140056953102661,0.0057239854113542,-0.3959703964976135,PCE,PCE,forward,6,0.6084749825343098,0.6304606408074118,0.7696097911391068,0.8368979160198503,2.065360696333637,8154,0.07675874407448191,8154,0.9652101448220063,0.5282712075970522,0.709707445079677,0.6182504607899236,0.6240456429799142,-0.005795182189990533,False
PV,PCE_percent,PCE_percent,99,3.0881093678896607,0.6388904408440632,3.244348433436948,3.0681589057070258,3.058893126241632,0.0712049213392014,0.0093506430627274,0.0137141458387824,-0.9460883073579174,PCE,PCE,forward,6,0.6061105143787305,0.6297452677314163,0.7670038495900104,0.8350341558830334,1.308817197005109,8154,0.08055556440192913,8154,0.9743898604126023,0.5258307687888399,0.7087086491609758,0.6050490786957065,0.6185283553972496,-0.013479276701543141,False
PV,PCE_percent,PCE_percent,124,3.100886696411173,0.6430496833433199,3.262202617066845,3.1119164168798648,3.071210331199467,0.0731655792121549,-0.0051224992809039,0.0138734937782571,-0.9570283637274524,PCE,PCE,forward,6,0.6117945260045126,0.6339308077336612,0.774151658200867,0.8406513977831223,1.9149278395955007,8154,0.06804307993125103,8154,0.964511130956444,0.5314677134410953,0.7129356021861091,0.6432263841417492,0.6559018709032198,-0.012675486761470678,False
PV,PCE_percent,PCE_percent,161,3.0934383530107383,0.6432247516288567,3.219326024186073,3.090962995642674,3.0569718179654326,0.0575474035347332,0.0011549011096511,0.0171080315986771,-1.1788350335093625,PCE,PCE,forward,6,0.6031456869597588,0.6234645093134008,0.7633663906818441,0.830202618839656,1.81096456771126,8154,0.0587023046443844,8154,0.9661224626765009,0.524166183044255,0.7049832522107978,0.6616449719544196,0.6699794118302604,-0.008334439875840816,False
PV,PCE_percent,PCE_percent,178,3.066671346339166,0.6513321440481492,3.204821831665752,3.057874302880619,3.0426306653756203,0.0635705921533374,0.004144457540872,0.0113543413517616,-0.7839340525434668,PCE,PCE,forward,6,0.6013257260640417,0.6223686973544339,0.7614825714618826,0.8314670480124358,1.2788011694392942,8154,0.06771504969420947,8154,0.9758399505411532,0.5218763266122266,0.7037653182910482,0.6115450123631196,0.6162232987921488,-0.0046782864290291215,False
PV,PCE_percent,PCE_percent,226,3.0797753031254285,0.6472491472221124,3.2801058801018788,3.1063495601550235,3.067136226830965,0.0909172876523346,-0.0123950891752058,0.0059328520671935,-0.4103895593174256,PCE,PCE,forward,6,0.6165607634016966,0.6386942195826646,0.7820135262878355,0.8542616734728453,2.056980534479888,8154,0.07852219847712885,8154,0.9617986947231654,0.5339216242190612,0.7207426352099534,0.7529494575399421,0.7527583939496841,0.00019106359025800046,True
PV,PCE_percent,PCE_percent,238,3.1022011685018875,0.6464856745199242,3.203913615182043,3.084015396836892,3.072333997970749,0.0465430060404931,0.0084822760075098,0.013957181786645,-0.9627734923961072,PCE,PCE,forward,6,0.6148940000485776,0.6363247927222667,0.7755786327277059,0.845313943121574,1.1171353399774202,8154,0.05502528204800271,8154,0.9746728712622239,0.5353737129311711,0.7149994060727114,0.6543969896588077,0.6543942518418497,2.7378169579206357e-06,True
PV,PCE_percent,PCE_percent,243,3.07982395929541,0.645611441077252,3.169667037106669,3.047369278819593,3.0402521302672274,0.0414834082672062,0.0152835540355717,0.0186569174266051,-1.2848730820717358,PCE,PCE,forward,6,0.5993281892769583,0.6200208463801011,0.7579278868421958,0.8299059685638405,1.2519829949011458,8154,0.05676696230277775,8154,0.9738443736340627,0.5203005853760967,0.699658920049719,0.7067881077079087,0.7067687246685894,1.9383039319254003e-05,True
PV,PCE_percent,PCE_percent,266,3.075519976158287,0.6473074001904153,3.2083567490646434,3.064611770972996,3.0469455913474053,0.0610042227308985,0.0051260235871301,0.0134666082248709,-0.929091179130459,PCE,PCE,forward,6,0.6126733242993128,0.6331206030522861,0.7717460829486065,0.8420974361710982,1.441166239907119,8154,0.06613024631802877,8154,0.972709522135541,0.5344827424731519,0.7123930960489887,0.6037262147385757,0.6118100895071105,-0.008083874768534782,False
PV,PCE_percent,PCE_percent,356,3.0645741956001538,0.6501579843471035,3.189831474372211,3.0485283345333665,3.0378216774860705,0.0577935714095251,0.0075736787459796,0.0126494489298465,-0.8729603659944685,PCE,PCE,forward,6,0.5983896447983917,0.6215620532832418,0.7587020564853058,0.8274286236252364,1.0142622846308502,8154,0.06536725015550462,8154,0.974038181893804,0.5189156528622849,0.6997149120518042,0.6060345824186343,0.5758210782901214,0.03021350412851287,True
PV,PCE_percent,PCE_percent,421,3.126013202521301,0.6405096869251694,3.22327020391392,3.101603807105324,3.0919394599076733,0.0442012618439655,0.0113094604244856,0.0158117998739391,-1.090006356535711,PCE,PCE,forward,6,0.6206224178679656,0.6450323420807734,0.7813383997343541,0.8555156086413351,1.3339674757432698,8154,0.055510722268451294,8154,0.9753030494916841,0.5380547213910878,0.7210680133698204,0.6172881052757216,0.6151524792505837,0.002135626025137949,True
PV,PCE_percent,PCE_percent,431,3.0878265390356323,0.6446615889170138,3.2365673241200987,3.075260293791935,3.061280951821788,0.0678728034016711,0.0058831833172554,0.0124562548294689,-0.8596851823851059,PCE,PCE,forward,6,0.6168508981518213,0.6395658920259978,0.7799779557881606,0.8512554903142723,1.3215826941405202,8154,0.07375598671892653,8154,0.973063801743229,0.5373096433082707,0.7198323696713395,0.7078002993104776,0.7073182653430331,0.0004820339674445062,True
PV,PCE_percent,PCE_percent,482,3.0655118732272904,0.6551549044238252,3.242070276715476,3.069436746785281,3.0293270862787023,0.0807873713135489,-0.0018459474533415,0.0171306334405404,-1.1803831935739195,PCE,PCE,forward,6,0.612524014866367,0.6355723506512493,0.7746345277659551,0.8439695843738665,1.979284299601704,8154,0.07894142386020729,8154,0.9645496069784973,0.5315810622136343,0.7140375444573605,0.6379540921800444,0.6500076799766294,-0.012053587796585052,False
PV,PCE_percent,PCE_percent,488,3.028839264546253,0.6528694778801015,3.1560788605792145,3.0174383340567275,3.005021421617012,0.0593682355142706,0.0054407311290067,0.0113897433631905,-0.7863686663085123,PCE,PCE,forward,6,0.6027587093224541,0.6245806595013705,0.7643598366427418,0.8328578207700695,0.9293224988802152,8154,0.06480896664327701,8154,0.9739064133392525,0.521918110371088,0.7040423933519718,0.6498780812519006,0.6688581542898827,-0.018980073037982104,False
PV,PCE_percent,PCE_percent,568,3.03744482693605,0.647922676063494,3.1718755606846543,3.030958550058801,3.016469853128445,0.0624779687982892,0.0030840807596057,0.0099970393963527,-0.6905466601927701,PCE,PCE,forward,6,0.6144049587994895,0.6344593116487025,0.7778049662266164,0.8502545275820819,1.1011367028654049,8154,0.06556204955789487,8154,0.9728140621788172,0.5342800126961984,0.7152661713081643,0.6671948234912958,0.6187075516614949,0.04848727182980084,True
PV,PCE_percent,PCE_percent,663,3.104719897166969,0.6428271778417882,3.256474836614701,3.0865527766293583,3.0763910249791806,0.0688479620533185,0.0084666566346996,0.0132242278441904,-0.9124453453478454,PCE,PCE,forward,6,0.598824289450742,0.6201768133680724,0.7584655137293063,0.8295860049993213,1.2633674182235963,8154,0.07731461868801792,8154,0.9769055536845689,0.5197187433168573,0.7016115336552419,0.6139301700618203,0.6211332009249299,-0.007203030863109583,False
PV,PCE_percent,PCE_percent,679,3.1281783322541616,0.6346937016738399,3.217681974695681,3.105570052146342,3.0985800493747044,0.0406989811454306,0.0104646497071774,0.013715520958327,-0.946182721562705,PCE,PCE,forward,6,0.609752497721837,0.6294767427876523,0.7678819013764966,0.8418492510538277,1.0649426714212094,8154,0.051163630852607965,8154,0.9787579156959778,0.5342372787944192,0.7095852990501469,0.6144514025817147,0.6394659481786426,-0.02501454559692784,False
PV,PCE_percent,PCE_percent,703,3.132940469661317,0.6374598229844939,3.263796416613177,3.1186105975264584,3.106913981864244,0.0590337135015505,0.0066139335507205,0.0120350572010941,-0.8307367487224049,PCE,PCE,forward,6,0.6151336723447919,0.6376379869642841,0.776828932989385,0.8472764811081804,1.014974959084937,8154,0.06564764705227122,8154,0.9766401909805114,0.5331514467364661,0.7182804234858953,0.648413297993481,0.6540281179043015,-0.005614819910820468,False
PV,PCE_percent,PCE_percent,922,3.067063919715309,0.6420552041933265,3.213368117063827,3.0562698341483343,3.041024196809956,0.067228028880501,0.005086310978438,0.0123009380273293,-0.8490114189654729,PCE,PCE,forward,6,0.6037005688836283,0.6244157994107096,0.7653029776101785,0.8372142823473223,1.0171888974996808,8154,0.07231433985893944,8154,0.9726495587391594,0.5248395633856194,0.7044286748434732,0.6377366322110667,0.6432481622209342,-0.005511530009867482,False
PV,PCE_percent,PCE_percent,923,3.0984327753051653,0.6387526481240549,3.2278256533508203,3.084714042998462,3.070738021034927,0.0590239880667852,0.0064019115589122,0.0129532328971262,-0.8938310519746695,PCE,PCE,forward,6,0.5966069155588993,0.620012773221619,0.7552013399787074,0.8237923871852151,1.3644851432114002,8154,0.06542589962569793,8154,0.9748711033168603,0.5199262048813298,0.6992920003756612,0.6730079959265374,0.6980708539955666,-0.025062858069029192,False
PV,PCE_percent,PCE_percent,938,3.0793079337863007,0.6515111491911878,3.1975367070259044,3.044196932510755,3.04041443297262,0.0543547755241091,0.0165444540839373,0.018338157477958,-1.2630598059693687,PCE,PCE,forward,6,0.6135684928362112,0.6336319435015032,0.7789000480375804,0.8487373065663817,1.0302089608501095,8154,0.0708992296080464,8154,0.977519573267996,0.5337046598960976,0.7143764953118795,0.6504588250237533,0.6570962806760134,-0.006637455652260149,False
PV,PCE_percent,PCE_percent,993,3.061603701753725,0.6511618096565028,3.2538426701580963,3.05820251064133,3.02522189184786,0.0878569450200694,0.0016036070051493,0.017246586418479,-1.1883252520574428,PCE,PCE,forward,6,0.6164499208870003,0.6394336817853963,0.7796619906033859,0.85253086763941,1.8774101382265744,8154,0.08946055202521871,8154,0.965335732638546,0.5362522487105413,0.7218531083557185,0.6778368946010073,0.6772312440024488,0.0006056505985584382,True
PV,PCE_percent,PCE_percent,1024,3.080284114387397,0.6433622043226659,3.197577496390692,3.0797092642960133,3.064069835206272,0.0539158985566632,0.0002692643733585,0.0076142470494282,-0.5263890790265568,PCE,PCE,forward,6,0.6149274653134071,0.6365185132471982,0.7791775932617186,0.8471838446866964,1.2493628436054036,8154,0.0541851629300219,8154,0.9760928911673488,0.5345411116842916,0.7182035224302553,0.5825569986725765,0.6384376773267337,-0.055880678654157245,False
PV,PCE_percent,PCE_percent,1025,3.124359367045185,0.6451587509064212,3.2135571525193023,3.094150720565425,3.0862462005982327,0.0406107273676565,0.0140169290346615,0.0177072479965971,-1.219871403045325,PCE,PCE,forward,6,0.6018019837208894,0.6231706432168214,0.7618333632844251,0.833508813400258,1.1152473976112285,8154,0.054627656402318016,8154,0.9721109038187169,0.5232695940627938,0.7015667631290673,0.6811297048018152,0.7185136517487019,-0.037383946946886626,False
PV,PCE_percent,PCE_percent,1238,3.053170906715012,0.6575346394017354,3.194000522529685,3.0577699855120257,3.036912052284788,0.0650561995237743,-0.0021715377526419,0.0077032199868507,-0.5325235608155787,PCE,PCE,forward,6,0.6201436161440075,0.6424349725578462,0.7842812001161783,0.8582009795421242,1.5075703055637748,8154,0.0628846617711326,8154,0.971591207509817,0.5410378055753897,0.7225729354262616,0.7117129706385661,0.7115240000183248,0.00018897062024125777,True
PV,PCE_percent,PCE_percent,1273,3.116999456074931,0.6384510736060854,3.257827935633713,3.115506640487608,3.088468199338498,0.0637525057608599,0.0006911112970001,0.0132664272668645,-0.9153436546428196,PCE,PCE,forward,6,0.6151191673841986,0.6404232643080069,0.7759488176867955,0.8444535995628552,2.125098418367695,8154,0.06444361705785999,8154,0.9647003849315258,0.53184644395564,0.7179625710962568,0.6416702925315192,0.6527655828642277,-0.011095290332708507,False
PV,PCE_percent,PCE_percent,1321,3.138215706298779,0.6373727493541582,3.266978827411494,3.133218667534195,3.098094627251057,0.0580125851724319,0.0022990608338456,0.018563309802146,-1.278467855705212,PCE,PCE,forward,6,0.6132485076073163,0.6372801672769551,0.7752024130777682,0.8448325171926041,1.9518156685463088,8154,0.060311646006277454,8154,0.9660612173295141,0.5343738962785217,0.7167684795812929,0.6096933842601016,0.6374739420523987,-0.027780557792297156,False
PV,PCE_percent,PCE_percent,1346,3.039239862427266,0.6538166443158993,3.179439113019396,3.022970607404573,3.0125675402700898,0.0650617416461072,0.0077435879230158,0.0127169533001294,-0.8775984576575802,PCE,PCE,forward,6,0.5996649838509357,0.6205858622868359,0.7584075272309773,0.8294814035891784,1.2047291832149982,8154,0.07280532956912318,8154,0.9743580001258151,0.5238471744999993,0.6988153467108342,0.6694368633147788,0.6811616316178183,-0.011724768303039479,False
PV,PCE_percent,PCE_percent,1503,3.058918627496602,0.648398423000679,3.161384138873216,3.0440664437307525,3.0343055033518054,0.0475346181172842,0.0070218799211745,0.0116553812950377,-0.8046348119086777,PCE,PCE,forward,6,0.6242921185824819,0.6459707629919584,0.7847119073414177,0.8565875984666512,1.0191213217877817,8154,0.05455649803845872,8154,0.9770697213831124,0.5457861317373018,0.7263157853642683,0.5240692180718863,0.5174422801271921,0.006626937944694267,True
PV,PCE_percent,PCE_percent,1674,3.0910907560184424,0.6450038022070115,3.245594083631316,3.100701728893349,3.0924918607575345,0.0703665646931716,-0.004478739904278,-0.0006537850365135,0.0453271951450728,PCE,PCE,forward,6,0.611957569621803,0.6326442522227198,0.7750712239634067,0.8452924097564378,1.9905880864700016,8154,0.06588782478889348,8154,0.968090367215574,0.5322768002215222,0.7149648169532222,0.5809627843068293,0.6183111089688992,-0.03734832466206983,False
PV,PCE_percent,PCE_percent,1707,3.093730671041801,0.6422029391339654,3.2395278898862983,3.0903698925551284,3.07431123796202,0.0664359719107986,0.0015680789417048,0.0090843780844968,-0.6277027687494718,PCE,PCE,forward,6,0.6184018975433294,0.6397744400180404,0.7801816859380813,0.8566566906976786,1.3857202671692486,8154,0.06800405085250337,8154,0.9766997116894964,0.5381144444265048,0.7200040922049759,0.664411499565493,0.6643002418291917,0.00011125773630127345,True
PV,PCE_percent,PCE_percent,1790,3.086310551348108,0.648667985045147,3.2282367824919938,3.058636318613079,3.0535729866153383,0.0648631639433818,0.0129946601983202,0.01538490741326,-1.0607346275788745,PCE,PCE,forward,6,0.603445590612554,0.6279667965303422,0.7670298788685067,0.8354547514958338,0.9001780267877009,8154,0.07785782414170234,8154,0.9779602713293166,0.523816483673057,0.705667091614782,0.618350323224403,0.6189491830867746,-0.0005988598623716257,False
PV,PCE_percent,PCE_percent,1863,3.0778096228127474,0.6459160279010903,3.2030378403734754,3.06530131066548,3.051976987497424,0.0575368452054517,0.0058751030345581,0.0121599128538282,-0.8393188169876331,PCE,PCE,forward,6,0.61446882105884,0.6364795479455103,0.7749552333608817,0.8473810287701012,1.176026333668921,8154,0.06341194824000985,8154,0.9747330258070124,0.5366409764589085,0.7150145216205454,0.6690204909580261,0.6690420056156404,-2.1514657614352117e-05,False
PV,PCE_percent,PCE_percent,1982,3.0513892296109737,0.645784056729365,3.19970991780348,3.031967660412805,3.022562386356472,0.0684748987020186,0.0092118536761233,0.0136941018602259,-0.9447120994845016,PCE,PCE,forward,6,0.596101654707645,0.6184291958285304,0.753610083959174,0.8243851206833668,1.0640494923567645,8154,0.0776867523781421,8154,0.9754834857041316,0.5173133889611957,0.6973279854457608,0.6693951032613162,0.6461056177479623,0.02328948551335397,True
PV,PCE_percent,PCE_percent,2024,3.045139683727528,0.6496363899536695,3.163826494907454,3.0140916756734137,3.007874128761952,0.0551620766245497,0.0147851094069728,0.0177642121034498,-1.223771611027047,PCE,PCE,forward,6,0.6034884676727942,0.6255072052053499,0.7662082652790793,0.8379619892538432,1.29527482013214,8154,0.06994718603152238,8154,0.9750276624921461,0.5245491203804405,0.7070374141158617,0.6261783991194393,0.6785294283354991,-0.05235102921605983,False
PV,PCE_percent,PCE_percent,2311,3.0899042186793406,0.6456972407353048,3.1970904820406787,3.070359145965172,3.0606050377087146,0.0491974569997898,0.0091546975921159,0.0137452367181867,-0.9482229511680096,PCE,PCE,forward,6,0.6100736281970673,0.6337481168405416,0.7695562975006663,0.8409940401909152,0.9438361632853238,8154,0.05835215459190583,8154,0.9763247674133745,0.5313526952245837,0.7105461447236121,0.5871239564249978,0.5876901254112322,-0.0005661689862344055,False
PV,PCE_percent,PCE_percent,2325,3.069278305354444,0.647704462833569,3.196975239817347,3.050020342170189,3.041737366341503,0.0588081032407858,0.0090806026337417,0.0130038760427901,-0.897309929988932,PCE,PCE,forward,6,0.6154744576630582,0.6347729731900931,0.7771943904962798,0.8496949383904401,1.1816243047982231,8154,0.06788870587452749,8154,0.9784189872958556,0.5360838591534737,0.7177235498745709,0.6551095727603126,0.6561727600484784,-0.00106318728816579,False
PV,PCE_percent,PCE_percent,2351,3.106418831419455,0.6368432631881091,3.2734757562655545,3.1204332595378634,3.093846909649192,0.0755709360559883,-0.0064939972205609,0.005850547317253,-0.4047078791535208,PCE,PCE,forward,6,0.6106317530778478,0.6305718000469993,0.7690389153115366,0.8396945766595739,1.4562588576244706,8154,0.06907693883542763,8154,0.9728809625766617,0.5321507640516762,0.7097444015349856,0.6452332915312275,0.6452802395451535,-4.6948013925907084e-05,False
PV,PCE_percent,PCE_percent,2786,3.018598140507711,0.6571432394826708,3.163874003738804,2.9948221191565594,2.987459218516827,0.067813441173975,0.0114083916833789,0.0149596875866104,-1.0315689780967865,PCE,PCE,forward,6,0.6034986791808056,0.6246037760291772,0.7658244673157313,0.8349955863780548,0.9866113730825916,8154,0.07922183285735378,8154,0.9731974190941036,0.5254668091341219,0.7088410364092415,0.6737160048595701,0.6867222519217046,-0.01300624706213449,False
PV,PCE_percent,PCE_percent,2875,3.027507798760816,0.650581492187572,3.2198565933271253,3.036423970874274,3.007725396020564,0.0888657584459044,-0.0042425696892661,0.0094578206415163,-0.6534220241595778,PCE,PCE,forward,6,0.6143538236460308,0.6393359901159517,0.7770966718631664,0.8506881240958045,2.101347475175088,8154,0.08462318875663837,8154,0.9630976462380326,0.5338987557089054,0.7161660121538855,0.6487586346855073,0.6488234170680964,-6.478238258911251e-05,False
PV,PCE_percent,PCE_percent,2932,3.102387742102469,0.640865308968809,3.315885537780624,3.1244547464199384,3.081931697513109,0.0960151984841163,-0.0102254364167583,0.0095441194473896,-0.6593645375705726,PCE,PCE,forward,6,0.6082395126125649,0.6328585338741539,0.767632705906966,0.8386166767203682,1.968440231169592,8154,0.0857897620673581,8154,0.9671394068926947,0.5287235804848311,0.7108672068401642,0.6517015719826834,0.6598251294584524,-0.008123557475768983,False
PV,PCE_percent,PCE_percent,2977,3.0557863012364823,0.6516999188363808,3.197630124174919,3.047210358484831,3.0325963814981205,0.0654594136138589,0.004054558411919,0.0109901580561747,-0.7588855192190103,PCE,PCE,forward,6,0.6165118064488869,0.6375542145799188,0.7787506876628995,0.8490183470721643,1.324233370751382,8154,0.06951397202577805,8154,0.9754853439746829,0.5384129972159313,0.7174995657203815,0.5925604990728771,0.5912136345077212,0.0013468645651558697,True
PV,VOC (V),Voc_V,4,0.1086929478148124,0.6280826363134209,0.2655780222768261,0.108729567295731,0.1086731999220714,1.2888774235382563,-0.0004859730740753,0.0002621400553898,-0.0181685133562092,VOC,VOC,inverse,7,2.8564884529680628,1.8402231772883249,2.9178730292908583,10.812075995557954,3398.340593731964,8154,1.2883914504641811,8154,0.9980726449173084,1.668582168750959,2.167071579824733,0.4576968796593392,0.4213990619432669,0.03629781771607232,True
PV,VOC (V),Voc_V,14,0.117403153035438,0.5825144634826895,0.1784405881354761,0.1173417343519695,0.1173483393460061,0.6039726536379443,0.0007549338608903,0.0006737289595151,-0.0466884304336834,VOC,VOC,inverse,7,2.626412156254306,1.8645627544009,2.9366995182658866,9.667396914856605,964.8738629780396,8154,0.6047275874988347,8154,0.9988583660572237,1.6927301359461882,2.194076373930041,0.5611419714308905,0.49906236040128577,0.06207961102960474,True
PV,VOC (V),Voc_V,23,0.1054338430722152,0.6555051952317779,0.2088939116156443,0.1055456865960167,0.1054215388928419,0.9864324143680152,-0.0015295902167626,0.0001683730186896,-0.0116700473157149,VOC,VOC,inverse,7,2.340899720785027,1.8546752249709064,2.8567217129429525,9.30527291432511,163.3301428362239,8154,0.9849028241512525,8154,0.9978647239183058,1.6851314871800822,2.1735874305634177,0.4655849258273972,0.4417496771402631,0.023835248687134103,True
PV,VOC (V),Voc_V,42,0.1158737078337951,0.5821854966558764,0.1774172744743265,0.1159230299884484,0.1158467615030031,0.6145932357236719,-0.0006139588474515,0.0003355365030139,-0.0232549137295645,VOC,VOC,inverse,7,3.180594608187404,1.8182876774583037,2.843233935178476,11.241360087318789,3306.156623151797,8154,0.6139792768762201,8154,0.9982528025890935,1.6454750461665522,2.1693474584448458,0.49079077407276517,0.43591782345693414,0.05487295061583103,True
PV,VOC (V),Voc_V,59,0.1124891079210705,0.59773691052508,0.2609124012078405,0.1124797259623383,0.112426964224758,1.21378020216926,0.0001203304929931,0.0007972254176291,-0.0552441898251321,VOC,VOC,inverse,7,2.3916554337355738,1.812357683523501,2.8254135241488214,10.789611938182384,184.50064293790064,8154,1.2139005326622527,8154,0.9986247282525752,1.639567815161507,2.126135593546331,0.5380576873116119,0.5432214916983915,-0.005163804386779658,False
PV,VOC (V),Voc_V,66,0.111954890389423,0.6132557779073402,0.2333885896447022,0.1120856062882701,0.1119262977413805,1.0598164804270926,-0.0016834742220909,0.0003685032414332,-0.0255394364132133,VOC,VOC,inverse,7,2.3843224390874087,1.868441143198985,2.8376348395618587,10.75951288994072,160.68784358467855,8154,1.0581330062050016,8154,0.9980323901583529,1.6987882252004807,2.1880165359722823,0.5006677722655363,0.43027881073566043,0.07038896152987584,True
PV,VOC (V),Voc_V,87,0.1079096370984289,0.6403657199713481,0.2833605502757677,0.1079842659407085,0.1078881864150865,1.3928152053536151,-0.0009974034786235,0.0002868128517687,-0.01987837594416,VOC,VOC,inverse,7,2.9614201383987027,1.8429692203256465,2.908063868312954,12.211399964697826,2101.8965035520387,8154,1.3918178018749916,8154,0.9982444865903493,1.6643684500857736,2.1949664852274378,0.35786117865727896,0.3696448314400733,-0.011783652782794363,False
PV,VOC (V),Voc_V,90,0.1073248247319128,0.6370054644161671,0.2490659039021172,0.1073970069186986,0.1072997468011299,1.2145437193010655,-0.0009699701799173,0.0003371450555028,-0.0233663841012865,VOC,VOC,inverse,7,2.5945187583016263,1.8300828478040945,2.9341876635316195,10.9164779042694,538.7764058721629,8154,1.2135737491211482,8154,0.9979509550047566,1.664350535255567,2.175573574520564,0.3433207168032962,0.34332071790623947,-1.1029432922526894e-09,False
PV,VOC (V),Voc_V,97,0.1152124748825477,0.5987260718070926,0.176857249098334,0.1152707061291085,0.115156704389339,0.6182884178370669,-0.0007289896994375,0.000698529341523,-0.0484066445630593,VOC,VOC,inverse,7,2.291839758651732,1.836276206478544,2.816337386138127,9.48085679439793,110.17184874592552,8154,0.6175594281376294,8154,0.9981330935701456,1.669806703403372,2.1681578727912862,0.5563703459300889,0.4691012986752623,0.08726904725482665,True
PV,VOC (V),Voc_V,99,0.1094840995415329,0.6109415695431673,0.2648741993696199,0.1095806532315309,0.1094520144966174,1.2745859604470229,-0.0012717476179669,0.0004228533581226,-0.0293056663477675,VOC,VOC,inverse,7,3.264376434102884,1.8073679231058657,2.9032130067784627,12.097333592115064,3451.1281922761923,8154,1.2733142128290558,8154,0.9982974508917427,1.6437113331854638,2.161705634014078,0.41863582331456023,0.411701374575058,0.006934448739502219,True
PV,VOC (V),Voc_V,124,0.1098950249344489,0.6293482083289186,0.2619585874793473,0.1096882632520819,0.1097816998975942,1.253212681536927,0.0027169111494678,0.0014884916306632,-0.1031211712471003,VOC,VOC,inverse,7,2.540891785302822,1.8526046219884276,2.875362118258283,12.456655025394904,547.591147386495,8154,1.2559295926863951,8154,0.9983704021081792,1.6771669795344333,2.186560911586433,0.3445562884724939,0.3445562875588377,9.136562062472819e-10,True
PV,VOC (V),Voc_V,161,0.1183632586750908,0.5903645387141538,0.1843776876797535,0.1185511355294143,0.1183508829232513,0.6394427585031847,-0.0022881603606993,0.000150852295531,-0.0104557376824798,VOC,VOC,inverse,7,2.817413516805481,1.8399404003839548,2.8118932308684683,9.75109770285754,3583.434480645303,8154,0.6371545981424853,8154,0.9983020744681639,1.6694706211845365,2.165310131026345,0.5317866835046244,0.4583251757827886,0.07346150772183585,True
PV,VOC (V),Voc_V,178,0.1101716012954745,0.6208527694698885,0.2472003376954859,0.1101561692122271,0.110111400869686,1.1659283227505917,0.0002020969935538,0.0007885388981718,-0.0546424169936887,VOC,VOC,inverse,7,2.8622705273376927,1.819240146016091,2.8899122089727856,12.60856774242407,3288.8597288669434,8154,1.1661304197441456,8154,0.9982084574117053,1.6491839102813557,2.163887054890445,0.44365937325394394,0.413619807145618,0.03003956610832592,True
PV,VOC (V),Voc_V,226,0.1097906452089802,0.618163487998232,0.2534146899291584,0.1098544956691455,0.1097722104156294,1.206745023262014,-0.0008387778984363,0.0002422612416281,-0.0167908598366572,VOC,VOC,inverse,7,2.9662725725760204,1.836589508152758,2.8408445316065194,12.401349114839617,2190.632163210113,8154,1.2059062453635776,8154,0.9985236541952998,1.6619127964430933,2.1798141939945332,0.33299250609340053,0.3125335310649597,0.02045897502844085,True
PV,VOC (V),Voc_V,238,0.1113620277277352,0.6264597168139312,0.1701345174063698,0.1112354629585099,0.1112617753997116,0.6114184832873557,0.0016405790022727,0.0012993538356824,-0.0900237990176466,VOC,VOC,inverse,7,2.3503410275506518,1.863258621860857,2.8188131930888023,9.183801779018518,263.30076801023057,8154,0.6130590622896286,8154,0.9984596662452812,1.6991838585902523,2.1745689288721564,0.5045325251050138,0.4455626315836449,0.05896989352136889,True
PV,VOC (V),Voc_V,243,0.1105952413719043,0.6250131132470007,0.2347436700498987,0.1107302900472355,0.1105832290678631,1.0857969441368014,-0.0017606109616903,0.0001567068571591,-0.0108615017176072,VOC,VOC,inverse,7,2.471203174340823,1.816912061989134,2.8499834490316025,11.191908268599162,823.8809161243053,8154,1.084036333175111,8154,0.9978624561999476,1.6429453459948504,2.158647565087828,0.28773814123532626,0.2877381398510461,1.3842801349639444e-09,True
PV,VOC (V),Voc_V,266,0.1110384752824137,0.6185688345322944,0.2364952878695581,0.1109661848448767,0.1109723033782247,1.0907517754932965,0.0009395573891526,0.0008600112248838,-0.0595936714915312,VOC,VOC,inverse,7,2.3378634409119305,1.850048286855995,2.752898753545295,10.42561960379001,117.158877448913,8154,1.091691332882449,8154,0.9985033683433758,1.68646620633377,2.1482393605298307,0.45307121816544826,0.4165597972460194,0.03651142091942888,True
PV,VOC (V),Voc_V,356,0.1157031972175361,0.6081171729542841,0.1811598700927931,0.1156855510657948,0.1156382195159648,0.6468346790874623,0.0002200454071009,0.0008104299836494,-0.0561589507756865,VOC,VOC,inverse,7,2.444136155200653,1.845107901515438,2.9134542151343688,11.167652243594068,172.9563709766371,8154,0.6470547244945634,8154,0.9983010061617742,1.674169940419513,2.2169850992173106,0.5072247418224107,0.4659700498667236,0.04125469195568715,True
PV,VOC (V),Voc_V,421,0.1096288299684628,0.6227568489337114,0.2153195350539473,0.1096471718517452,0.109553458604345,0.9738519699937856,-0.0002413555874255,0.0009922142727125,-0.0687514079457773,VOC,VOC,inverse,7,2.329366934760665,1.847471465632885,2.8087969175338663,9.531104317159144,107.48327087343684,8154,0.9736106144063599,8154,0.9978616561923002,1.6844335234177723,2.1826138540041273,0.4469052706129093,0.4266444006168266,0.020260869996082675,True
PV,VOC (V),Voc_V,431,0.1133379914751236,0.6219258912460551,0.2525481822189517,0.1132514840965878,0.1132668530647631,1.155927116640323,0.0011015848972037,0.0009058150140059,-0.0627666058261811,VOC,VOC,inverse,7,2.4664960886488503,1.9028592207765869,2.9489481158365987,11.884525971658618,113.86275694644289,8154,1.1570287015375273,8154,0.9977723630399812,1.7258231076455757,2.2342907383917288,0.5294740871861391,0.45147992042047724,0.07799416676566184,True
PV,VOC (V),Voc_V,482,0.1189974529983031,0.6044036007731288,0.1878970935371217,0.1190396870917081,0.1189364518351857,0.6590120561224053,-0.0005119446295496,0.0007397523064881,-0.0512625788034903,VOC,VOC,inverse,7,2.442549064443313,1.868641586163436,2.945907924707619,10.838715540228824,192.26295680814167,8154,0.6585001114928557,8154,0.9979156359452748,1.7013000798136024,2.2098578348731523,0.6295687762413247,0.5348600372161387,0.09470873902518595,True
PV,VOC (V),Voc_V,488,0.1068009048002048,0.6584507928726748,0.2647630319839057,0.1067295566465652,0.1067395092287864,1.3097778279494252,0.000964111917014,0.000829586186402,-0.0574860030757684,VOC,VOC,inverse,7,2.466264715116286,1.8453165312228847,2.9573179524163837,11.47620262608707,188.4446685295473,8154,1.310741939866439,8154,0.9983386404737664,1.6750520587400217,2.2027281653645794,0.30666594847619344,0.3066659480748979,4.012955523435835e-10,True
PV,VOC (V),Voc_V,568,0.1121939421526499,0.6052677452243418,0.1692432029358453,0.1121552232553027,0.1120907880123616,0.593103113578023,0.0004979698644701,0.0013270629438299,-0.0919427005675155,VOC,VOC,inverse,7,2.392001150878301,1.8694767587388528,2.868253894604557,10.03752013692638,161.31202377625286,8154,0.5936010834424932,8154,0.9982643032501687,1.7004725174668454,2.1950201813756944,0.5923298001262658,0.49914937975258145,0.09318042037368435,True
PV,VOC (V),Voc_V,663,0.109898062199762,0.6205701362854268,0.2680361797242199,0.1098807009258297,0.1098465260211978,1.2862618019901286,0.0002279294277714,0.0006767037241378,-0.0468945289231137,VOC,VOC,inverse,7,2.8045112494342503,1.7976183254999565,2.858882837972528,11.794117065022675,3621.40780677562,8154,1.2864897314179,8154,0.9984326804097982,1.6357962350289261,2.145867290358015,0.4383618632844789,0.42280877500107217,0.015553088283406735,True
PV,VOC (V),Voc_V,679,0.112036319456268,0.6165127751400047,0.2216512533070641,0.1120699697361331,0.1119757845472345,0.984325025283848,-0.0004332506010938,0.0007797205028506,-0.0540315045400308,VOC,VOC,inverse,7,2.415275829086214,1.836779856488174,2.8322344787692937,11.691312718868977,133.7510309165992,8154,0.9838917746827545,8154,0.9982658031359685,1.683581531503582,2.1634821798858717,0.5120511744729774,0.5062199771576346,0.005831197315342873,True
PV,VOC (V),Voc_V,703,0.116500521606014,0.5986597900752423,0.2414635496650196,0.1165029319870656,0.1164524860438887,1.0514690079928577,-2.984886907301735e-05,0.0005949755184173,-0.0412320575591373,VOC,VOC,inverse,7,2.369276445101375,1.8700466687703448,2.916407605401243,11.027125927690015,144.5635619992672,8154,1.0514391591237846,8154,0.9983594438994434,1.7029980986622852,2.2148216361585615,0.5094156763217985,0.455782544454484,0.0536331318673145,True
PV,VOC (V),Voc_V,922,0.1115290173726584,0.6128575063474326,0.2750664007847001,0.1115795699836054,0.1114984052611927,1.302360809796847,-0.000653780324904,0.0003960404613791,-0.0274476653581601,VOC,VOC,inverse,7,2.41173820800914,1.828289484533944,2.9082293984415983,10.463485708132772,178.37374669953277,8154,1.301707029471943,8154,0.9985671651929134,1.6574121987251815,2.174522699154307,0.50034949153347,0.42398835490583037,0.0763611366276396,True
PV,VOC (V),Voc_V,923,0.1089136559521468,0.6216940058705085,0.2578568376848146,0.1090288950910237,0.1089124768930953,1.2433854472786243,-0.0015256768251307,1.5618168713747063e-05,-0.0010825631011956,VOC,VOC,inverse,7,2.795923574874092,1.801744532714645,2.917088215758384,11.992898091329016,3538.811963185676,8154,1.2418597704534937,8154,0.9983082138146567,1.6372343639580542,2.1589644492847264,0.3640519701029967,0.3640519679097556,2.1932411442548982e-09,True
PV,VOC (V),Voc_V,938,0.1127242287343609,0.6274855378582616,0.2800482455060963,0.1126571529943416,0.1126027362390852,1.3128777508652143,0.0008587208012001,0.0015557537682676,-0.1077785110084827,VOC,VOC,inverse,7,2.443286077948874,1.8630073522494257,2.958911034048917,12.110490923144306,159.52797109529624,8154,1.3137364716664144,8154,0.9984730678129867,1.6896995907413515,2.202331120091957,0.5597876089637633,0.5346009183465172,0.0251866906172461,True
PV,VOC (V),Voc_V,993,0.1114295685770172,0.6196097566398293,0.2864656859845312,0.1114903614327135,0.1114081157809749,1.3622302252966978,-0.0007868794289049,0.0002777792512809,-0.0192523369840325,VOC,VOC,inverse,7,2.55766320045915,1.8685669337963096,3.006283700003436,13.227496420899069,164.64963197805895,8154,1.3614433458677928,8154,0.9985233227693933,1.698327705250369,2.231966244322068,0.403531999827621,0.3828326120060396,0.020699387821581428,True
PV,VOC (V),Voc_V,1024,0.1076816733974626,0.6328245117273263,0.2009614574277002,0.1076874313050251,0.1076120470524904,0.9001460971598986,-7.714109876421295e-05,0.0009331399531638,-0.0646594195422567,VOC,VOC,inverse,7,2.5310399623723927,1.8623427208423595,2.87553474657688,11.962510983861437,514.1268522260447,8154,0.9000689560611344,8154,0.998327794479615,1.6890633153428396,2.1848275001271364,0.5255781281947774,0.47214279242590607,0.053435335768871384,True
PV,VOC (V),Voc_V,1025,0.1145287589367371,0.6179642530229538,0.188201946106201,0.1144759107337446,0.1144384456868794,0.7165716321821,0.0006658715024489,0.0011381060852585,-0.0788563944079667,VOC,VOC,inverse,7,3.2083921852349104,1.84702603125571,2.8807070805232136,10.058271657189051,3403.126854574476,8154,0.7172375036845489,8154,0.9985248197461232,1.6748417294574969,2.1824522801024084,0.5019296132114188,0.44045734886902643,0.06147226434239239,True
PV,VOC (V),Voc_V,1238,0.1078771400837572,0.6349859739139059,0.2312678545875726,0.1077473576629367,0.1077626000235646,1.100175570309515,0.0017366902135814,0.0015326153915911,-0.1061763966894946,VOC,VOC,inverse,7,2.3727514413185715,1.8516087186864727,2.870795859044637,12.234586401469562,135.26663186175432,8154,1.1019122605230967,8154,0.9979466087441361,1.689135173436127,2.170084882332275,0.46295206470987504,0.40266089500042423,0.06029116970945081,True
PV,VOC (V),Voc_V,1273,0.1092121151872621,0.6297045847196864,0.2256805108536291,0.1092952001888726,0.1091703704254642,1.0471489296531191,-0.0010971378726263,0.0005515548684545,-0.0382235631333771,VOC,VOC,inverse,7,2.9643180647183263,1.8301182336978732,2.9214315276643927,11.401288945028588,4376.153318019078,8154,1.0460517917804928,8154,0.9987758951558684,1.663253752070538,2.176271772896364,0.5349090566939598,0.4202895405223151,0.11461951617164473,True
PV,VOC (V),Voc_V,1321,0.1082460009036719,0.638798548461373,0.248560891385444,0.1083646162471409,0.108227837280653,1.1992855940899414,-0.0015800313682839,0.0002421037954075,-0.0167799483281272,VOC,VOC,inverse,7,2.6002308768229363,1.8377797584354123,2.957111356136667,13.938029196867337,538.3910434673093,8154,1.1977055627216573,8154,0.9983879897714978,1.6637611453600463,2.186618370142268,0.5381643927631163,0.4413474437586611,0.09681694900445525,True
PV,VOC (V),Voc_V,1346,0.1099169787070677,0.6233041110397823,0.2601878309637733,0.1099249047603649,0.1098792048812442,1.2431392341114214,-0.0001040282007259,0.0004958785984161,-0.0343657788522078,VOC,VOC,inverse,7,2.505433941889099,1.8217919188169864,2.870716812828295,12.64507220381375,169.40669140928992,8154,1.2430352059106955,8154,0.9984939190250005,1.653794966533424,2.157236121019867,0.442630105753726,0.4426301042868826,1.4668434245024287e-09,True
PV,VOC (V),Voc_V,1503,0.1075803628736001,0.6396283873429581,0.2345695251241824,0.1078302604409396,0.107534630865157,1.1246008327159216,-0.0033473385603645,0.0006134146359396,-0.042509624639242,VOC,VOC,inverse,7,2.336192699750301,1.869034632876157,2.850484328986009,9.666119756964251,91.73925256796927,8154,1.1212534941555572,8154,0.9972491996282621,1.7017737242744606,2.183129746798322,0.5107068900030891,0.44803595093633425,0.06267093906675486,True
PV,VOC (V),Voc_V,1674,0.1143317303032668,0.6034933480238007,0.1798038390115358,0.1143183577360896,0.11428786238368,0.6531979763392344,0.0001687516198913,0.0005536536048803,-0.0383689807461506,VOC,VOC,inverse,7,2.8285602734721524,1.846514667453168,2.8733267177445767,9.78894855337119,3751.011105203612,8154,0.6533667279591259,8154,0.9985649576710516,1.6780327684802503,2.183802119210537,0.6130451537771215,0.5269823645777998,0.08606278919932175,True
PV,VOC (V),Voc_V,1707,0.1092751740676787,0.6256366605144237,0.2141123807779196,0.1094597161857578,0.1092231407331938,0.97040254391621,-0.0024343447124357,0.0006871287324092,-0.0476167939596927,VOC,VOC,inverse,7,2.317324813295346,1.850179950315455,2.8651356414824174,10.2657687610947,128.12477433343378,8154,0.9679681992037742,8154,0.9977736630293047,1.683823751376348,2.1881707129346566,0.5642843834480639,0.5025987636032482,0.06168561984481569,True
PV,VOC (V),Voc_V,1790,0.1158270045877122,0.6218912029117786,0.1807178574470306,0.1158059159615216,0.115728109775787,0.641767420722109,0.0002626954444668,0.0012323205540177,-0.0853814810088615,VOC,VOC,inverse,7,2.456781837135859,1.8607121370133644,2.9509606629082463,12.708217937787294,155.22266287922844,8154,0.6420301161665759,8154,0.9974755138671918,1.6905696392084835,2.191434367257954,0.5930925226405425,0.5220501548042815,0.07104236783626094,True
PV,VOC (V),Voc_V,1863,0.1109187551772162,0.6245350979161473,0.2470853729436978,0.110785217531275,0.1108338694764248,1.155506277516822,0.0017379401957997,0.0011045117120667,-0.0765296190493369,VOC,VOC,inverse,7,2.38440628753782,1.8665364331229448,2.839580208011097,10.9806737743094,463.0355726716987,8154,1.1572442177126219,8154,0.9984889860824431,1.6986866081509429,2.1877572300082244,0.5002779440969952,0.4998979993262705,0.0003799447707247272,True
PV,VOC (V),Voc_V,1982,0.1130915987154269,0.6272058842372423,0.1877557776693954,0.1132710304481834,0.1130896168002848,0.731365544210846,-0.0022871736929385,2.5283259182577952e-05,-0.0017524866255391,VOC,VOC,inverse,7,2.870672017079229,1.8380814550922329,2.826122329214572,13.053891057964742,3958.816159926512,8154,0.7290783705179076,8154,0.9983508027007664,1.6656675839679496,2.183338932005269,0.5158052320806681,0.4508348352373828,0.06497039684328526,True
PV,VOC (V),Voc_V,2024,0.1105452105237742,0.621472879937744,0.2474815768490349,0.1105384227258899,0.1105072746960745,1.162684610967036,8.858839711794148e-05,0.0004951749895705,-0.0343170251519198,VOC,VOC,inverse,7,3.002032147108742,1.8445018973466825,2.9309247241975487,13.134697650533116,3906.8101856865737,8154,1.1627731993641541,8154,0.9981741525768779,1.668725973505255,2.213476184310609,0.4784870024062793,0.43504847456519113,0.04343852784108815,True
PV,VOC (V),Voc_V,2311,0.1114803546992055,0.6166903986381104,0.2342036938215779,0.1114087625253127,0.1113979774368888,1.070974332151572,0.0009267897785206,0.0010664587454425,-0.0738939722061071,VOC,VOC,inverse,7,2.455678184654892,1.8565212687320256,2.9167515271067352,11.926909516661588,382.6549044108562,8154,1.0719011219300927,8154,0.9983268033572626,1.6819094854500696,2.188647495894211,0.48994653115039255,0.4284416192901473,0.06150491186024526,True
PV,VOC (V),Voc_V,2325,0.1063408688025065,0.6399334199871989,0.2227777328594797,0.1062964967052274,0.1063056910771409,1.0669088808695315,0.0006021087166382,0.0004773247253694,-0.0330801560695648,VOC,VOC,inverse,7,2.35476427318016,1.8482503571165363,2.7864826580190787,11.555253827475546,116.79440501294872,8154,1.0675109895861696,8154,0.9974644569892425,1.6755969394450354,2.1654033446843624,0.49147169177496436,0.4288227861134017,0.06264890566156267,True
PV,VOC (V),Voc_V,2351,0.11210924709846,0.6013674394020516,0.219976775681485,0.1120116220655137,0.1120441781044572,0.9724459367312318,0.0012568500232171,0.0008375934252652,-0.0580407019821094,VOC,VOC,inverse,7,2.2920347075380145,1.8305601776857927,2.7668151484536088,9.8232142005005,317.617632486836,8154,0.973702786754449,8154,0.9990967510639589,1.669135885587812,2.1522300019522187,0.5266869500234532,0.47038052098923083,0.056306429034222394,True
PV,VOC (V),Voc_V,2786,0.1048381873336199,0.648662419667869,0.2961289425570995,0.1049064582934492,0.1048166728674556,1.498061186527185,-0.0009391818166934,0.0002960943879077,-0.0205215930487612,VOC,VOC,inverse,7,2.555164722139984,1.8227348731945805,2.9328273651012324,13.796858345225653,497.438211218652,8154,1.4971220047104914,8154,0.9987068917291718,1.6531968701621298,2.172777286736976,0.33992709988385594,0.3246455912136677,0.015281508670188237,True
PV,VOC (V),Voc_V,2875,0.1115721560378889,0.6287742256945952,0.1832612474633487,0.111756706326229,0.1115494065736544,0.715924712024834,-0.002384374716007,0.0002941942406962,-0.0203899118224271,VOC,VOC,inverse,7,2.91407665607105,1.8547657814285967,2.908148837635303,11.02378677263962,3867.5634686675294,8154,0.713540337308827,8154,0.9978800443916017,1.688664080749423,2.198691212972785,0.5667658452701614,0.4859473509422646,0.08081849432789678,True
PV,VOC (V),Voc_V,2932,0.1130800224126634,0.6198140490349687,0.1803314849833823,0.1130593596983851,0.1130141827335832,0.6733072319382184,0.0002636426722784,0.0008402389714168,-0.0582239706673703,VOC,VOC,inverse,7,2.819458675275572,1.8496759045679825,2.8932287136559607,11.518150644320404,3303.02700919969,8154,0.6735708746104968,8154,0.9983109653861988,1.6763301427364032,2.180826590203348,0.47478493946979466,0.4264972027899908,0.04828773667980385,True
PV,VOC (V),Voc_V,2977,0.1109721390064726,0.6211014094037499,0.2283678345526542,0.1110023176773813,0.1109403031636462,1.0411619476867031,-0.000392284948271,0.0004139417549923,-0.0286881402047578,VOC,VOC,inverse,7,2.4222889255561846,1.8638102645186927,2.814423196546269,11.074742619475622,232.38220148341395,8154,1.040769662738432,8154,0.9983193147113276,1.6970605788394264,2.1881685168951983,0.3248261065035483,0.29175736838059374,0.03306873812295458,True
